sequence,label,toxicity_cat,d_charge,d_hmom
AENLIGAQF,GEN,LOW,OK,OK
ALWMTLLKKVLKAAAKAALNAVLVGANA,GEN,HIGH,OK,OK
FAKKFFKKFAKFAFK,GEN,HIGH,OK,OK
FLGFLKNLF,GEN,MEDIUM,OK,OK
FSGSGSGSGAGYLLGKINLKALAALAKKILG,GEN,HIGH,OK,OK
GINKSIFKGLIHALKGLVSAI,GEN,HIGH,OK,OK
IAWKAFKAFKAFKA,GEN,MEDIUM,OK,OK
ICIR,GEN,MEDIUM,OK,OK
IDWHHLLDAAHQIL,GEN,LOW,OK,OK
IDWKKIFEKVKNLV,GEN,MEDIUM,OK,OK
INALKALAALAKKIL,GEN,HIGH,OK,OK
INKLVIKVGKRILQRIKDFLR,GEN,HIGH,OK,OK
INLKAIAACAKKC,GEN,MEDIUM,OK,OK
INLKAIAAFAKKLL,GEN,MEDIUM,OK,OK
INLKAIAALAKKLL,GEN,HIGH,OK,OK
INLKAIAALGKKLI,GEN,MEDIUM,OK,OK
INLKAIAALIKKLKGL,GEN,HIGH,OK,OK
INLKAIAAMAKKLL,GEN,MEDIUM,OK,OK
INLKAIAASAKKLL,GEN,MEDIUM,OK,OK
INLKALAALAKKILYSPWTNF,GEN,LOW,OK,OK
INLKALLAVAKKIL,GEN,HIGH,OK,OK
INLKDLLKALIASAKKF,GEN,MEDIUM,OK,OK
INLKIAVKILNGLI,GEN,MEDIUM,OK,OK
INLLSALKAILSAL,GEN,MEDIUM,OK,OK
INMKSIFSSVF,GEN,LOW,OK,OK
INVLKALTALAKKYL,GEN,HIGH,OK,OK
INWKALLDAAKKVL,GEN,MEDIUM,OK,OK
INWKGIAAMAKKLL,GEN,MEDIUM,OK,OK
INWKGIALMLKEVLKGAIKGAIAVAKMV,GEN,HIGH,OK,OK
INWKKAAKAAAKAA,GEN,MEDIUM,OK,OK
INWKKDMKMWKLV,GEN,MEDIUM,OK,OK
INWKKIASIGKEVL,GEN,LOW,OK,OK
INWKKIASIGKEVLKAI,GEN,MEDIUM,OK,OK
INWKKIASIGKEVLKAL,GEN,MEDIUM,OK,OK
INWKKIFEKVKNLV,GEN,MEDIUM,OK,OK
INWKKIKSIAKGIIKAL,GEN,HIGH,OK,OK
INWKKIKSIIKAAMN,GEN,MEDIUM,OK,OK
INWKKLGKKVLKGAIKGAIAVAKMV,GEN,HIGH,OK,OK
INWLKAKKVAGMIL,GEN,LOW,OK,OK
INWLKIAKKVL,GEN,HIGH,OK,OK
INWLKLGKKILGAI,GEN,HIGH,OK,OK
INWLKLGKKILGAL,GEN,HIGH,OK,OK
INWLKLGKKLLSAL,GEN,HIGH,OK,OK
INWSKIFEKVKNLV,GEN,LOW,OK,OK
KAIAAFAKKFI,GEN,MEDIUM,OK,OK
KAWKKAAKAAKKAA,GEN,HIGH,OK,OK
KIASIGKEVLKAL,GEN,MEDIUM,OK,OK
KKIWQKIKNFFQKL,GEN,HIGH,OK,OK
KWKVFKKIEKMGRNIRNGIIKAGPAVAVLGEAKLA,GEN,HIGH,OK,OK
LCLK,GEN,MEDIUM,OK,OK
LKLKSIVSAAKKVL,GEN,MEDIUM,OK,OK
LLLLLLLLLLLLLLLLLLLLLL,GEN,HIGH,OK,OK
LNKEELKKLFQKL,GEN,MEDIUM,OK,OK
LNLKALLAAAKKIL,GEN,HIGH,OK,OK
LNLKALLAVAKKIA,GEN,MEDIUM,OK,OK
LNLKALLAVAKKIL,GEN,MEDIUM,OK,OK
LNLKGLFKKVASLLT,GEN,HIGH,OK,OK
LNLKLLAGLIKKLVTVIPK,GEN,HIGH,OK,OK
LNLLGVAKKLL,GEN,MEDIUM,OK,OK
LRLKSIVSYAKKVL,GEN,LOW,OK,OK
NHQQQNPHQPRMKLF,GEN,MEDIUM,OK,OK
NIWKKIASIGKEVLKAL,GEN,HIGH,OK,OK
NYAENILTI,GEN,LOW,OK,OK
NYRWRCKNQ,GEN,MEDIUM,OK,OK
VKKLVKKAVKKLVKKA,GEN,HIGH,OK,OK
WIAGIAGKIAGALSKLL,GEN,HIGH,OK,OK
WNWSKSF,GEN,LOW,OK,OK
WWIRIRWH,GEN,HIGH,OK,OK
YRRFLRPRYRVAY,GEN,HIGH,OK,OK
