sequence,label
GYPICGESCVGGTCNTPGCSCSWPVCTTN,ACP
FLSGIVAMLAKLF,ACP
GAFLKCGESCVYLPCLTTVVGCSCQNSVCYRD,ACP
VNFKKLLGKLLKVVK,ACP
DTDMCWWWSREFGWECAGAG,ACP
MWKWFHNVLSSGQLLADKWWAWWYNWW,ACP
HLRRINKLLTRIGLYRHAFG,ACP
RFARRFARRFARRFARRFARRFARRFARRFAR,ACP
GVPCAESCVWIPCTVTALLGCSCKDKVCYLN,ACP
KWKKNWTKIIQGFLKGGIGTILNLKKK,ACP
IYLATALAKWALKQGFGGRRRRRRR,ACP
KKKFFFFFKKK,ACP
IKKILSKIKKLLK,ACP
GWFKKTFHKVSHAVKSGIHAGQRGSSALGF,ACP
RILRGVSRRIMRRILTGRR,ACP
RWNGRIIKGFYNLVKIWKDLKG,ACP
LGTYTQDFNKFHTFPQTAIGVGAP,ACP
FLSAIVGMLAKLF,ACP
DNEEWFYHLFFNV,ACP
GKEFKRIVWLSKTAKKL,ACP
GFALAGLARILCLWFREFSGFFRRLNRRFAMRRR,ACP
KYIRHLKTWFKKVFKLIGEV,ACP
NLVSALIEGRKYLKNVLKKLNRLKEKNKAKNSKENN,ACP
GMWSKIKETAMAAAKEAAKAAGKTISDMIKQ,ACP
HFLGTLVNLAKKIL,ACP
RLLSLIRKLIT,ACP
KGRGKRRREKQGPSDKPRR,ACP
CGGYCGGWHRLRCTSYRCG,ACP
GKFMSLLKHILK,ACP
KGIRGYKGGYCKGAFKQTCKCY,ACP
KRPTMRFRYTWNPMK,ACP
FAKGVGKVGKKAL,ACP
ILGKIVKKLVSDF,ACP
KWKKLLKKPPPLLKKLLKKL,ACP
VDKPPWLPRPRPPRRIYNR,ACP
KKKKKKFLPKLLSALAKIL,ACP
DTHFPICIFCCGCCHRSKCGMCCKT,ACP
DKFSEKLGKIIKIVK,ACP
NYAIFDEGHML,ACP
GGTIFDCGESCFLGTCYTKGCSCGEWKLCYGTN,ACP
AARIILRDRFR,ACP
KREDFLDQIIRDFRNFIYQKYRRLRDEFRKLRDILSG,ACP
FAKKALKALKKL,ACP
FLWIKLGKLAGAVLKLILGLKKVV,ACP
RVFKKFHPIYHRVWRLWGHL,ACP
AKKKLSRWWLRWWVK,ACP
LIRLWSHLIHIWFQNRRLKWKKK,ACP
KKKKKKNKKLQQRGD,ACP
RWRRPWRRRPIRPPFYR,ACP
SISRLWHSLLRHLLH,ACP
RKIKVYLPRMK,ACP
VTPHHVLVDEYTGEWVDSQFK,ACP
RRWVRRVRRVWRRVVRVVRRWVRR,ACP
WKCRRQCFRVLHHWN,ACP
GCRLYGFKIWGG,ACP
KWCFAVCYAGICYAACAGK,ACP
CPKILKKCRRDSDCPGACICRYWKVCGYHLNQPFG,ACP
KLLLKLKLKLLK,ACP
LKKLKWLAHRLKGMLKKYLKPTAASS,ACP
ALWKEVLKNAGKAALNEINNLVQ,ACP
VRRFPAWWPFLRR,ACP
KWVKKVHNWLRRWIKVFEALFG,ACP
GGNECDAIRMWEWECFERL,ACP
KKAAKAWAKGAKKAKKLAKGAG,ACP
FHAWAKLLKGVGRFFKGIGRW,ACP
RLMRIFRILKLAR,ACP
RWLRLPGRWLRL,ACP
KKIWQKIKRFFQKL,ACP
LKKWWKKVLGLLGGLKGKVTSVIK,ACP
FLGALFKWASK,ACP
FFPVIGRILNGIL,ACP
GIIKKIIKKIIKKIIKKI,ACP
WEAVVAYGRKKRRQRRR,ACP
NWKKIRKLGKVVKKI,ACP
LFSIIWKLNRKLIKA,ACP
GWFDILKHVFRLLK,ACP
VKRGLKLRHVRPRVTRMDV,ACP
IRPIIRPIIRPIIRPIIRPIIRPIIRPI,ACP
QLIHKIRTWYRKAWHVLGKV,ACP
GCRRLCWRQRCVTWCRGR,ACP
YHWYGYTPQNVIGGGGGRLLRRLLRRLLRK,ACP
VRRFPAWAPFLRR,ACP
ILGKIWKGIKSLF,ACP
KKAKKKAKKKAKKKAKKKAKKKAKKKAK,ACP
KLWCKSSQVPQSR,ACP
GLFAIKKASVIKGL,ACP
ISFELLDYYESGS,ACP
SMWSGMWRRKLKKLRNALKKKLKGE,ACP
ADDKNPLEECFCEDDDYCEG,ACP
GKKLLWLLKKG,ACP
RGGRLSYSRRRFSTSTGR,ACP
TRWLWLLRGGLKAAGWGIRAHLNRNQ,ACP
GFGCPLDQMQCHNHCQSVRYRGGYCTNFLKMTCKCY,ACP
FKKLKKLFSKLWNWKRKKRRQRRR,ACP
KWFRVYRGIYRRRGK,ACP
GRKKRRQRRRPPQTYADFIASGRTGRRNAI,ACP
WSRKWKRKWKW,ACP
MRKEFHNVLSSGQLLADKRPARDYNRK,ACP
FLSAITSILGKFF,ACP
AKKRRQRRRAKKRRQRRR,ACP
TRRQRTRRARRNRGC,ACP
PFWRIRIRRPRRIRIRWFP,ACP
FAKLLKLAAKKLL,ACP
ILGKLLSWAAGLLSNL,ACP
RVKRVWPLVIRTVIAGYNLYRAIKKK,ACP
FVPAILCSILKTC,ACP
RPEIWYAQGLKRFGDEFNAYYAR,ACP
AVNIPFKVHFKVHFRCKAAFC,ACP
KKKKLKKILKKLFQFIQQLDQQLQDIKQQK,ACP
VPISEEGTPVL,ACP
KIAKVALKALKIAKVALKAL,ACP
WFKRRWKRMLKK,ACP
KEFKRIVKRIKKFLRKLV,ACP
LIIFRILISHHH,ACP
RRRRRRRRGGFWAGLQGLTIYFYNSNRDFQ,ACP
QVLKKVRTWYRKAFHVIGKV,ACP
YCNINEVCHYARRNDKSYWL,ACP
LLLLLLLLLLLLLLLLLLLLLLLLLLLLLLLLLLLLLLLL,ACP
VRRFPWYYPFLRR,ACP
KCFQWQKNMKKVKGPPVSCIKK,ACP
VRRFPAAAPFLRR,ACP
QRIRQLHTWIKKAWHIWPKI,ACP
RAKIFKKIEKVGRNVRDGIIKAGPAVAVVGQAATVVK,ACP
RLYRLYFRLYRLWRRLTL,ACP
KLWMRWYSPTTRRYG,ACP
GLFKALLKLLKSLWKLLLKA,ACP
ARYNAQCQETIRVTK,ACP
GCRVYGFKIHGCG,ACP
WEQKIEELLKKAEEQQKKNEEELKKLEKC,ACP
MIIFAIAASHKK,ACP
AARIILRWRFR,ACP
KFAKFAKKFAKFAKGGFGLM,ACP
MRKWFHNVLSSGQLLADKWPAWDYNRK,ACP
KRFKKFFKKVKKSVKKRLKKIFKKPMVIGVTIPF,ACP
GFSSIFRGVAKFASKGLGKDLAKLGVDLVASKISKQS,ACP
FAKFLAKFLKKAL,ACP
AFALIAGALYRIFHRR,ACP
CPKILKKCRRDSDCPGACICRGNGYCYHLNQPF,ACP
TSAVAKKKDKVKKGG,ACP
SRRARRSPRESGKKRKRKR,ACP
FLSAIVAMLGKLF,ACP
TRGRWGRFKRRAGRFIRRNRWQIISTGLKLIG,ACP
YARAARRAARR,ACP
RRRRRRRRRCQCRRKN,ACP
GSKRWRKFEKRVKKIFEETKEALPVIQGVATIVGAVGR,ACP
PPRLRKRRQLNM,ACP
VDKGSYLPRPTPPRPIYNRN,ACP
MAPQRDTVGGRTTPPSWGPAKAQLRNSCA,ACP
FLPVIAGVAANFLPKLFCAISKKC,ACP
HEHEHEHEHEHEHEHEEFGGGGGYGRRRRRRGGGGGG,ACP
CHTNGGYCVRAICPPSARRPGSCFPEKNPCCKYM,ACP
VRRFPYWWPFLRR,ACP
KKLKRYFVDYRRVLV,ACP
GCRLYGFKIFGCG,ACP
RRIFKRLFKYLRRF,ACP
PKILNKILGKILRLAAAFK,ACP
GYGRKKRRGRRRTHRLPRRRRRR,ACP
FLPLLISALTSLFPKLGK,ACP
GPWGDCSRTCGGGVQFSSR,ACP
ILPWKWKWTPWRR,ACP
ALPISTVRVALRRL,ACP
FIGTLIPLALGALTKLFK,ACP
RRRRWRWWRWWRR,ACP
SEIEDSTKQVF,ACP
WRIRPRPPRLPRWRPR,ACP
WSRRWRRRWRW,ACP
GFQKAKAKALACLAKALA,ACP
KWKVFKKIEKMGRNIRNGIVKAGPKWKVFKKIEK,ACP
KLLKLLLKLYKKLLKLL,ACP
YRIPIVRRLQRR,ACP
EAAGIGILTVIL,ACP
RPEIWIAQELRRAGDVLNAYYAR,ACP
RFRRLRWKTRWRLKKIWWPFLRR,ACP
WRVRWKTRWRVK,ACP
GLFRALLRLLRSLWRLLLRA,ACP
WDLAWMFRLPVG,ACP
FLHHIVGLIHHGLSLFGDRAD,ACP
RWVKVPGRWVKV,ACP
LLGDFFRKSKEKIGKEFKRIVQRIKDFLRNLVPRTES,ACP
RFRRPIRRRPIRPPWYR,ACP
WLKAAAKAAAKLW,ACP
ILGKIWKGIVSDF,ACP
HHPHGHHPHGHHPHGHHPHG,ACP
ALLDKLKSLGKVVGKVALGVVQNYLNPRQ,ACP
RRRRRRRRGNLWAAQRYGRELRRMSDEFVDSFKK,ACP
FALALKLAKKAL,ACP
KRIHPRLTRSIR,ACP
LWKIGKKIWRVLWNWR,ACP
RSDPVTLNVLY,ACP
ETWRTEAPSATGQASSLLGGRLLGQ,ACP
FFPIVAGVAAKVLKKIFCTISKKC,ACP
RLQLNYKGKMWCPGW,ACP
QIFKKVKTWYKKAFQILGRL,ACP
VIFKVFWRCKAAFC,ACP
MTIVVKKVPKFLRGFVKLIFGIKD,ACP
GIGKFLKKAKKFGKAFVKILKK,ACP
HTASDAAAAAALTAANAAAAAAASMA,ACP
ALWKNMLKGIGKLAGQAALGAVKTLVGA,ACP
KGRGKRAAEAQRPSDKPRR,ACP
PAARKAARWAWRMLKKGA,ACP
RCRLAERRQIAK,ACP
AVLIPFKVKFRCKAAFC,ACP
FKLAFKLAKKAFL,ACP
KRIVARIKAFLR,ACP
FLGAIAGVAAKFLPKVFCFITKKC,ACP
GLFAVKKVASVKGL,ACP
FLPILASLAAKFGPKLFSLVTKKS,ACP
SDWSLWECCSTGSLFACC,ACP
AIKKFGPLAKIVAKV,ACP
FALALKKALKALKKAL,ACP
GFGCPFNQGKCHRHCRSIRRRGGYCDGFLKQRCVCYRK,ACP
TEATITGLEPGTEYTITVIAL,ACP
LPRFSTMPFIYCNINEVCHY,ACP
GLFAVIKKVASVIKGL,ACP
GCRRLCYKQRCVTWCRGR,ACP
GLWNSIKIAGKKLFVNVLDKIRCKVAGGC,ACP
GLLSTVGGLVGGLLNNLGL,ACP
GTLKKARYNAQCQET,ACP
RRRRRRRRGGDRDYKKFWAGLQGLTIYFYN,ACP
FCDGISSVLGWCRYPHRRFRCTCR,ACP
KLLKIWWIKVLK,ACP
KLWKKGKGGKLTKSLTWVLVGILV,ACP
KLKKIWWIKVKK,ACP
RWGKWFKKATHVGKHVGKAALTAYL,ACP
GTSCGETCVLLPCLSSVLGCTCQNKRCYKD,ACP
RRIRIIIRIRR,ACP
FKRLAKIKVLRLAKIKR,ACP
KVNHAACAAHCLLKRKRGGYCNKRRICVCRN,ACP
GLISTIWNTASNVAGTLTDSVKCKFKKC,ACP
YLLYLIRKLIL,ACP
FAKIIAKIAKIAKKIL,ACP
KISKRILTGKK,ACP
GLFDIWAWWRWRR,ACP
PAWRKAFRWAWHMLHHAA,ACP
FSGSGSGSGRQIKIWFQNRRMKWKKGC,ACP
FPVTWRWWRWWRG,ACP
KWCVYAYVKVKGVLVKYKKCW,ACP
ASAIYSVETINDGNFHIVELLA,ACP
RWKIFKKIEKMGRNIRDGIVKAGPAIEVLGSAKAIGK,ACP
CRQIKIWFPNRRMKWKKC,ACP
GLKKWFKKAVHVGKKVGKVALNAYL,ACP
KRKLYKWFAHLIKGL,ACP
FLPIIAGAAAKVVQKIFCAISKKC,ACP
FLGLIPALAGAIGNLIK,ACP
GLMDMLKKVGKVALTVAKSALLP,ACP
GFKMALKLLKKVL,ACP
FLSLIPKIAGGIAALVKNL,ACP
TKWTPCSRTCGMGISNRV,ACP
GCSVSSVGALCTHV,ACP
FRRPFKWPRRFFKFF,ACP
GIKEFKRIVQRIKDFLRNLV,ACP
GFKKLLKGAAKALVKTVLF,ACP
AARRILRWIFR,ACP
SDSVVSDIICTTFCSVTWCQSNCC,ACP
KGRGKRAAEKQAPSDKPRR,ACP
WFKKIPKFLHLLKKF,ACP
RGGRLAYLRRRWAVLGR,ACP
GFQKVKAQAATCNHTVMA,ACP
LLLQLIRKLIL,ACP
FALAAKALKKLAKKLKKLAKKAL,ACP
KLIHRLKTVFKKVWHFLGHL,ACP
PAWRKAFRWAWRMKKLAA,ACP
CREKALLIILRRRIRKQAHAHSK,ACP
RRARRPRRLRPAPGR,ACP
TNWYANLEKLLR,ACP
RRGLFKKLRRKIKKGFKKIFKRLPPVGVGVSIPLAGRR,ACP
GPWEPCSVTCSKGTRTRRR,ACP
LIIFAILISHKK,ACP
TEWSACNVRCGRGWQKRSR,ACP
LNINMTSPMGTK,ACP
TEWSVCNSRCGRGYQKRTR,ACP
RRRQRRKKRGGGDTRLNTVWMW,ACP
ILGKIWKKLVSDF,ACP
KLAKLAKKLAKLAKGRKKRRQRRRP,ACP
YGRKKRRQRRRYGRKKRRQRRRYGRKKRRQRRR,ACP
AAKAWLKLWAKAA,ACP
GKEFKRIVKWPWWPWRR,ACP
CLNLKALLAVAKKILC,ACP
GSIPCEGSCVFIPCISAIIGCSCSNKVCYKN,ACP
GPWAPCSASCGGGSQSRS,ACP
TAWGPCSTTCGLGMATRV,ACP
RWIHIPGRWIHI,ACP
FALGAVTCLIRTKCKVLPKLF,ACP
LWKIWKKIWRVGWNWR,ACP
VAKLLAKLAKKLL,ACP
HLNKRVQRELIGWLDWLK,ACP
GRFKRFRKKLKRLWHKVGPFVGPILHY,ACP
RLWRLAWRLYRLWRLTL,ACP
FFHHIFRGIVHVGKTIHRLVTG,ACP
WGEAFSAGVHRLANGGNG,ACP
INLKALAALAKKILYSPWTNF,ACP
KKCGIQDTNDKKQSD,ACP
GFWGKLFKLGLHGIGLLHLHL,ACP
KKRRCFFRHIYVA,ACP
GILGKLWEGVKSIF,ACP
YTMNPRKLFDY,ACP
NWKKILGKVIDDMKM,ACP
GLFAILKKLVNLVG,ACP
VTDGSLYEGVAY,ACP
FLSLIPKIAGGIAALAKHL,ACP
SGRGKTGGKARAKAKTRSSRAGLQFPVGRVHRLLR,ACP
YGFVMPRSGLWFR,ACP
VELPPPVELPPPVELPPP,ACP
RKRKLILILIKRKR,ACP
GFIATLCTKVLDFGIDKLIQLIEDK,ACP
GLAKVMREVLGYERNSYKKFFLR,ACP
SRRARRSPRHLGSG,ACP
GFKDLLKGAKKALVKTVLF,ACP
RRRQRRKKRGYCKCKYGRKKRRQRRR,ACP
SAPFIECHGRGTCNYYANS,ACP
KWIRRIIRDYKKFFIKFII,ACP
FAKALKALLKALKAL,ACP
KLAKLAKKLAKLAKNYRWRCKNQN,ACP
GIMSSLMKKLAAAIAK,ACP
IPSRWKDQFWKRWHY,ACP
DPLVRRQRVQDLMAQMQGPYNFIQDSMLDFENQTLDPAIV,ACP
FFFFFFGRRRRRRRR,ACP
AVNIPFKVHFRCKAAFC,ACP
WKIKWKIKWKIK,ACP
KRFKKFFKKLKNSVKKRAKKFFKKPKVIGVTFPF,ACP
GIGGVLLSAGKAALKGLAKVLAEKYAN,ACP
RKCVRVQLIKNGKKITAF,ACP
SLIDMRGIETV,ACP
GIMDTVKNAAKNLAGQLLDKLKCKITAC,ACP
GLWWKAWWKAWWKSLWWRKRKRKA,ACP
NGRKACLNPASPIVKKIIEKMLNS,ACP
RLLRRLRRLLR,ACP
TCASSGAYCASPYDAAAAYCAAITDACV,ACP
AARIILRIRFR,ACP
KKLLKGLLKGW,ACP
FAKAIAKIAFGKGIGKVGKKLL,ACP
GNPCGESCVYLPCITTVVGCSCQNSVCYHN,ACP
MVRRFLVTLRIRRACGPPRVRVFVVHIPRLTGEWAAP,ACP
DASTKKLSECLRRIGDELDS,ACP
KCAGSIAWAIGSGLFGGAKLIKIKKYIAELGGLQ,ACP
RLLRIWWIRVLR,ACP
LLLLLIRKLIK,ACP
GVIPCGESCVFIPCISSVLGCSCKNKVCYRD,ACP
VDKPPYRPRPRPPRRIYNR,ACP
YYADKKTFIVL,ACP
VNWKKILPKIIKVVK,ACP
PLSSIFSRIGDP,ACP
DSDVWWGGRRLLRRLRRL,ACP
GFGCNGPWYEDDGRCHNHCKSIKGYKGGYCAKGGFVCKCY,ACP
WEAKLAKALAKALAKHLAKALAKALKACEA,ACP
AAYAAAKAAALAA,ACP
DDEEQFYHLSFNV,ACP
FYPRPYRPPYLPDPRPFPRPLPAFGHEFRRH,ACP
PIRRRKKLRRLK,ACP
GLKKLARLFHKLLKLGC,ACP
FKRIVQRIRDFLR,ACP
GLPLLISWIKRKRQQAGPGSKKPVPIIYCNRRTGKCQRM,ACP
PSSSSSSRIGDP,ACP
VRRFPAAWPFLRR,ACP
GLFDVIKAVASVIGGL,ACP
FLSLALAALPKLFCLIFKKC,ACP
FLGALFKVASKLVPAAICSISKKC,ACP
RRSRFGRFFKKVRKQLGRVLRHSRITVGGRMRF,ACP
LKRWGTIKKSKAINVLRGFRKEIGRMLNILNRRRR,ACP
RRRYIGRYVRFWK,ACP
RWFKIQMQIRRWKNKK,ACP
EGCNILCLLKRKVKAVKNVVKNVVKSVVG,ACP
AGRGARAAEAQRPSDKPRR,ACP
GSGILILIKRK,ACP
GILSKLGKALKKAAKHAAKA,ACP
CFKFKFKFGSGFKFKFKFC,ACP
GGLKKLGKKLEGAGKRVFNAAEKALPVVAGAKALRK,ACP
GLFAVKKVSVIKGL,ACP
WGRAFSRGVRRLARGGRG,ACP
RRWPQILDHVRRVWR,ACP
PMKKLKLALRLAAKIAPVW,ACP
GGGGGGGRGDLPETGGS,ACP
AARIILRARFR,ACP
YLARAIRRTLARLLL,ACP
KWFETWFTEWPKKRK,ACP
RFRRPIRRRPIRPPFYP,ACP
FLFKLIPKVIKGLVKAIRK,ACP
GTLPCGESCVWIPCISSVVGCACKSKVCYKD,ACP
KKLIKVWAKGFKKAKKLFKGIG,ACP
VNWKKIILGKIIKVVK,ACP
ASSSYPLIHWRPWAR,ACP
RRWFWRRRRWFWRR,ACP
GVPICGETCTLGTCYTAGCSCSWPVCTRN,ACP
FLGALFKVASKVLPSVKCAITKKC,ACP
FLPRILRKIVRAL,ACP
KRWHWWRRHWVVW,ACP
KKWRKWLKWLAKK,ACP
EDMNQKLFDLRGKFKRPPLRRVRMSADAML,ACP
GEFLKCGESCVQGECYTPGCSCDWPICKKN,ACP
KKIWQKIRNFFQKL,ACP
YTAIAWVKAFIRKLRK,ACP
NKVPNLRGDLQVLAQKVART,ACP
KWCFRVCYSGICYSRCSG,ACP
NSDSSLTLREFY,ACP
LTFSDWWKLLAE,ACP
FLPKIIGKLSSLLPKIF,ACP
WRKFRWKRMLKK,ACP
HIFKKVKTYWKKLFRILGRF,ACP
RWRRPIRRPPIRPPFYP,ACP
FRRFRRRWRRRFRRF,ACP
GGVCPKILQRCRRDSDCPGACICRGNGYCGSGSD,ACP
YGRKKRRQRRRPPQG,ACP
GKKLGLWLGLKKG,ACP
RRRVVVVVRRR,ACP
KFKKFFKFMVKKKKF,ACP
AAKIILNPKFRCKAAFC,ACP
RWLRKWTRKRLK,ACP
RRVWRRYRRQRWCRR,ACP
WRLRWRTRWRLR,ACP
GLGDKFGESIVNANTVLDDLNSRMPQSRHDIQQL,ACP
KAAKKWAKAAKKWAKAWKKAA,ACP
FLPAIVGAAAKFLPKIFCAISKKC,ACP
FAKLLAKLAKKEL,ACP
KKKKFFMSFFFKKKF,ACP
KKCKFLCKVKKKLKSVGLQISMGI,ACP
SALEEQLKTFLDKFMHELEDLLYQLAL,ACP
KRKLILKRILIKRK,ACP
LALALALALALALAKLAKLAKLAKLAKIKKIKKKIK,ACP
GLLHLHQNIVDVQYM,ACP
GFLDTLKNIGKTVGRIALNVLT,ACP
FCTCNVKGFNAKNKRGIIYP,ACP
RGFLLLTLLALLALT,ACP
FSPQMLQDIIEKKTKIL,ACP
WKLLSKAQEKFGKNKSRC,ACP
FKKLKKIANIINSIFKK,ACP
GRVPYPRGGLLKLLKKLLKKLLKL,ACP
KRMGIFHLFWAGLRKLGNLIKNKIQQGIENFLG,ACP
GKWMSFLKHILK,ACP
GLLEALAELLEGRKKRRQRRRPPQ,ACP
CGVGFREGTCGAQ,ACP
RPFVEMYSEIPE,ACP
RWLRLNGRWLRL,ACP
LILIGRRRRRRRRGC,ACP
RWKLFKKIEKVGRNVRDGLIKAGPAIAVIGQAKSLGK,ACP
SWKKFFKKARSLPKLF,ACP
FAKLLAKLAKKAA,ACP
GRGDSPRRKKKKSPRRKKKKSPRR,ACP
LAKKLAKYLKKAL,ACP
VKKWVKKWVKKAVKKA,ACP
KKKIIIIIIKKK,ACP
ILGKLLTAAGLLNL,ACP
GPFHFYQFLFPPV,ACP
RITKQPWAPPQAARICQFVLIRVCR,ACP
MIIFRIAAYHKK,ACP
GVGSPYVSRLLGICL,ACP
RWLKLPGRWLKL,ACP
GFCWYVCVYRNGVRVCYRRCN,ACP
IPLVVPLRRRRRRRRC,ACP
HKCAKIKWRGVHVKYCA,ACP
MPKEKVFLKIEKMGRNIRN,ACP
RRRRPIRRRPIRPPFYR,ACP
KKFFKKMKSFFKKFF,ACP
KSVRGKGKGQKRKRKKSRYK,ACP
KPWRFRRAIRRVRWRKVAPYIPFVVKTVGKK,ACP
VARGWKRKCPLFGKGG,ACP
RRRRRRRRRGDFK,ACP
AARIILRTRFR,ACP
SNVYRPPPYRPVYRPLRRPGYRP,ACP
CGAISLAPKAQIKES,ACP
GFKDLLKKAAKALVKTVLF,ACP
CLLYWFRRRHRHHRRRHRRC,ACP
RRLGLWLGLRR,ACP
RRRRRRRRQRRNDLRSSFLTLRDHVP,ACP
CIKPHQGQHICNDE,ACP
RRWPRILHDVRRVAR,ACP
RKGWFKAMKSIAKFIAKEKLKEHL,ACP
YNKKYRYHLKSCKKADK,ACP
AGWGSIFKHIFKAGKFIHGAIQAHND,ACP
IVRRADRAAVPGGGGACDCRGDCFC,ACP
MDKYIRKEDLGMKMLDVAKILGRRIEKRMEYIAKK,ACP
GLFDIIKKIAESF,ACP
GFGCPWNAYECDRHCVSKGYTGGNCRGKIRQTCHCY,ACP
RRRIIIIIRRR,ACP
RGGRLCYCRGWICFCVGR,ACP
GWWRRTAAKVRK,ACP
VRRFPWWWAFLRR,ACP
VKRFKLFFRKLKSV,ACP
FIFLPIFRRPVS,ACP
MFSPILSLEIILALATLQSVFAQPVICTTVGSAAEGS,ACP
GLWSKIKNVAAAAGKAALGAL,ACP
GIASSLMKKLAAHIAK,ACP
WDPYFAGVKKLTKAILAVRA,ACP
RRWYWWWYWRR,ACP
KWKLFKKKTKLFKKFAKKLAKKL,ACP
CTKSIPPICRRKRRR,ACP
MAMPGEPRRANVMAHKLEPASLQLRNSCA,ACP
WKLKWKLKWKLK,ACP
WELVVLYGRKKRRQRRR,ACP
FLFKLIKHAIKGLIKAFK,ACP
TLPFAYCNIHQVCHYAQRNDRSYWL,ACP
IINVKTSLKTIIKNALDKIQ,ACP
GCKKWFKKAAHVGKNVGKVALNAYL,ACP
KWKLFKKIGIGAFLHSAKKF,ACP
WDPYFAGVKKLTKAILGEIA,ACP
AEWAWGPCTPSSKDC,ACP
IETFLKQLRSAANKIVGL,ACP
TCRSSGRYCRSPYDAAAAYCRRITDACV,ACP
FKIGGFIKKLWRSLAA,ACP
KWKLFKKIGIGAVLKVLKKG,ACP
GFGALFKFLAKKVAKTVAKQAAKQGAKYVVNKQME,ACP
KRKCPKTPFDNTPGAWFAHLILGC,ACP
RGGRLCYCRRRFCVCVGR,ACP
KILKRLAAKIKKIL,ACP
DILIIVGGKRRR,ACP
SILSLFKMGAKALGKTLIKQAGKAGAEYVACKATNQC,ACP
GLFDRVKKRKSLF,ACP
FAKKFFKKFAKFAFK,ACP
KKKKFFSMSFFKKFF,ACP
KWCFRVCYRGICYRRCRGK,ACP
FLPLKKLRFGLL,ACP
VRLRIRVRVIRK,ACP
VKKFPWWWAFLKK,ACP
FAKLWAKLAKKL,ACP
VKRFKKFFKLKLV,ACP
ILGKLLSTAAGLLSKL,ACP
YGRKKRRQRRRNYQQN,ACP
VRRFPYYWPFLRR,ACP
RGDLLRHVVKILEKYL,ACP
GTGLPMSERRKIMLMMR,ACP
TAWYANFAKLLA,ACP
LTELLERAAFY,ACP
GRGDSPRRSPRR,ACP
RRRRRRRRRRRTYADFIASGRTGRRNAI,ACP
RRLFRRILRRL,ACP
GLLDIAGGNAETLAGHAV,ACP
PRFWEYWLRLAE,ACP
KAAKKAWKWAKKAAKWAKKAA,ACP
VRRFAWWWAFLRR,ACP
WGKFFAGVKKLTKAILAVRA,ACP
VDKGSYRPRPTPPKPIYNRN,ACP
YGRKKRRQRRRAFCWNVCVYRNAVRVCHRRCN,ACP
AEMLESVIKNY,ACP
ELKCYTCKEPMTSASCRTIT,ACP
GTHPCQETCVTSTRCSTQGCHCNWPICFKN,ACP
FFSMIPKIAGGIASLVKNL,ACP
KILRGVSKKIMRRISKDILTGKK,ACP
ALFGILKKAFGKILTIFAGLPGVV,ACP
KRTGQYKLGSKT,ACP
FIHHIFRGIVHAGRSIGRFLTG,ACP
KIKIPWGKVKDFLVGGMKAV,ACP
GPWGPCSGSCGPGRRLRRR,ACP
GLEKRKRKFFNKIKFK,ACP
GLPVCGETCAGGTCNTPGCSCSWPICTRN,ACP
ILPILSLIGGLL,ACP
FRVTWRTKWWKG,ACP
RVNAAIPNIIV,ACP
AWWRRTVAKVRK,ACP
GFWSSVWDGAKNVGTAIIKNAKVCVYAVCVSHK,ACP
FLWWLFKWAWK,ACP
WGRAFRRGVRRLARGGRR,ACP
WKVKWKVKWKVK,ACP
WELYGRKKRRQRRR,ACP
DDEEQFLYHLSFNAV,ACP
RPEIWLTQSLQRLGDEINAYYAR,ACP
GFGSKPIDSFGLSWL,ACP
KKCNFFCKLKKKVKSVGSRNLIGSATHHHRIYRV,ACP
SFLSLIRKLIT,ACP
YCDGFYACYMDVGGGKLLLKLLKKLLKLLKKK,ACP
GFCWYVCARRNGARVCYRRCN,ACP
FALALKALKKALKKLKKALKKAL,ACP
WKWKWKCTKSGCKWKWKW,ACP
KRKILILILIKRK,ACP
QIIKKVRTWIKKAWHLIGKI,ACP
ILGKLLTAALLSNL,ACP
YLCAGRNDCIIAIKFEEKTAQHAAIENVFRLE,ACP
FLSLIPKAISAISALANHF,ACP
LAKKLKEYLEKLV,ACP
GLFDIWKKLRWRR,ACP
WKRFHPFRVVRKIFRRRIKR,ACP
ISFEWLQAYEDE,ACP
KWKLFKKIGIGRLLKRGLRKLLKLLR,ACP
NGAICWGPCPTAFRQIGNCGRFRVRCCRIR,ACP
QYEPPSAPSTTF,ACP
NLDAVHDITVAY,ACP
SLLSLIRKLLT,ACP
RRLRWWTRWRLK,ACP
NYQWVPYQGRVPYPRGGGKLLLKLLKKLLKLLKKK,ACP
DGRKICLDPDAPRIKKIVQKKL,ACP
VWKWGKLGKLLKLGKLGK,ACP
FSSSFPDQNTSMICCVLK,ACP
IRAWAKVLKGVGKILKGVGRW,ACP
RRLRLLLRLRR,ACP
INLKILARLAKKIL,ACP
FSGGNCRGFRRRCFCTK,ACP
RFRRLRWKTRWRLKKICYCRRRFCVCV,ACP
TQQAFQKFLAAVTSALGKQYH,ACP
AEKVDPVKLNLTLSAAAEALTGLGDK,ACP
KLKNFAIGVAQSLLNKASCKLSGQC,ACP
RRRLQRPLRRIHRLLRKAKKFGKAFVGEIM,ACP
WGKFFAGVKKLTKAILGEIA,ACP
GLWRALWRALWRSLWKLKRKV,ACP
TSWSQCSKTCGTGISTRV,ACP
AIGKFLHSAKKFGKAFVGEIMNS,ACP
GWRTLLKKAEVKTVGKLALKHYL,ACP
LKTKALNKLKQKLQAVGNLIGSVIKG,ACP
KAAKKAAKKAAKKAAKKAAKKAAKKAAK,ACP
CWMSPRHLGTCGRKKRRQRRRPPQ,ACP
FAKLLAKALKKLL,ACP
GFWARIGKVFAAVKNL,ACP
KKKKIKKIIKKIFQFINQIDNQIQDIKQNK,ACP
VKLPPPVKLPPPVKLPPP,ACP
IKIPAVVKDTLKKVAKGVLSAVAGALTQ,ACP
KKKKLKKILKKLFTFITTLDTTLTDIKTTK,ACP
RGDGPRRRPRKRRGR,ACP
DAATATRGRSAASRPTERPRAPARSASRPRRPVE,ACP
WLNALKKILGHLIRH,ACP
LLRHVVKILKYLHGVSGHGQHGVHG,ACP
IPPFIKKVLTTVF,ACP
VGALAGFLYWHFLRKGTKMVGK,ACP
RVVRWWWRVVR,ACP
VFRQWQKIMRRLVRR,ACP
RPEIWIAQELRRIGDEFNAYYAR,ACP
IKLSKKTKKNLKKVLKGAIKGAIAVAKMV,ACP
QIWHKIRKLWQIIKDGF,ACP
NNQEWFYHLFFNV,ACP
MEVDPIGHVYIF,ACP
KKHRKHRKHRKHWKKWSKRWRHWIPQCKKFGRR,ACP
FLGPTIGKIAKFILKHIVGLGDAALV,ACP
RRPKGRAAARREKQRPSDKPRR,ACP
GKWMSLLKHIWK,ACP
KDKVKKGGPGSECAE,ACP
MGIGKFQKMRFIGAIRASKGVAKGLLRIAAIRTGRRALTT,ACP
MKTMKNFIQKVFKGDPMIWGYVMLS,ACP
GLFLDTLKGAAKDVAGKLEGLKCKITGCKLP,ACP
GQVWEATATVNAIRGSVTPAVSQFNARTAD,ACP
HHHHLKKILKKLFQFINQLDNQLQDIHHHH,ACP
GMFTNMLKGIGKLAGKAALGAVKTLA,ACP
KKALAHALKKWLPALKKLAHALAKK,ACP
FAKLLAKALKKFAL,ACP
LRPLLRPLLRPLLRPLLRPLLRPLLRPL,ACP
ALVRYKDPLFVWGFL,ACP
RFRPPIRRPPIRPPFWP,ACP
AKTIAYDEEARRGLE,ACP
IKIRIKIRIKIR,ACP
LVPFIGRTLGGLLARF,ACP
GRWRWWWRWRI,ACP
VYPASKMFPFI,ACP
KRWKKFFRKVIKFF,ACP
EVAEPSVLFDLY,ACP
INLKKLAARIKKKI,ACP
FKIGGFIKKLWRSKLA,ACP
FLPAALAGIGGILGKLF,ACP
RKKRRRESRRARRSPRHL,ACP
SYYSTLQCRNNHGHCRRLCFHGEQWIGNCNGRHQHCCK,ACP
YHWYGYTPQNVIGGGLLKLLKKLLKKLLKL,ACP
ALWKDILKNAGKAALNEINQIVQ,ACP
CWVRLGRYLLRRLKTLFT,ACP
EAEQLRAYLDGTGVE,ACP
QSQQTFNLWKLLQN,ACP
TKEQKEQIAKATGLTTKQVRNWYVQLNASIKVCMCSC,ACP
PRFWEYALRLME,ACP
RRWRRWNRFNRRRCR,ACP
KKLALALAKKWLALAKKLALALAKK,ACP
GIFKVLKNLAKGVITSLKS,ACP
SLLSLIRLLIT,ACP
VDKKPYLPRPRPPRRIYNR,ACP
GDVYADAAPDLFDFLDSSVTTARTINA,ACP
LRPEIRIAQELRRMGDEFNE,ACP
CRVPCNWKKEFGADC,ACP
LDTYSPELFCTIRNFYDADRPDRGAAA,ACP
FFSLIPSLVGGLISAFK,ACP
LILKRKRKRKRILI,ACP
MHKRPTTPSRKM,ACP
GSGSGSGSLKKIFKKPMVIGVTIPF,ACP
LRPEIRYAQELRRIGDEFNE,ACP
GLRRALLRLLRSLRRLLLRAC,ACP
GFCWYACAKRNGLRVCYRRCN,ACP
KLALKLALKALKAALKLAGC,ACP
GWWRRTVRRVRNAVRRV,ACP
RWLHLNGRWLHL,ACP
LIIFRILISHRR,ACP
FLPLIAGVAANFLPKIFCLISKKC,ACP
QEFDALLERAKTLLNVHSDQYDDSIRQIVVK,ACP
WRQWRQWRQWRQWRQWRQ,ACP
ALWKSLLKNVGKAAGKAALNAVTDMVNQ,ACP
RVRGGEDGDRAL,ACP
RIIRRIRRIIR,ACP
GKWLSLLKHILK,ACP
GLLSVFKGVLKTAGKNVAKNVAGSLLDQLKCKISGGC,ACP
KLAELEGALQK,ACP
GIPCAESCVWIPPCTITALMGCSCKNNVCYNN,ACP
GLARALTRLLRQLTRQLTRAC,ACP
RRWQWRAFCWNVCVYRNAVRVCHRRCN,ACP
WELVVLGKLYGRKKRRQRRR,ACP
KLAKKLAKLAKLAKAL,ACP
WRKAFRWAKRMLK,ACP
ALWKTLLKKVLKAAAKAALKAVLVGANA,ACP
GLFDIVKKVVGALGSL,ACP
FLGTVLKLGKAIAKTVVPMLTNAMQPKQ,ACP
RAVIYKIPYNAIASRWIIAPKKC,ACP
RWFKFNGRWFKF,ACP
INLKAVAALAKKLL,ACP
GLVGTLLGHIGKAILG,ACP
WSKKWKKKWKW,ACP
LKPLLKPLLKPLLKPLLKPLLKPLLKPL,ACP
ANDPQCLYGNVAAKF,ACP
ALWKSILKNVGKVLNEINQIVQ,ACP
DLFKQLQRLFLGILYCLYKIW,ACP
CPKILKKCRRDSDCPGACICRGNGYCRFWKTW,ACP
GSAIRCGESCLLGKCYTPGCTCDRPICKKN,ACP
GIGRWLHSARRFGRAFVGEIMNS,ACP
RRPKGRGKRRREKQRPDAVPRR,ACP
ILPIRSLIKKLL,ACP
LLPIVGNLLKSLL,ACP
RTHRAGLQFPVGRVHRLLRK,ACP
LKCNKLVPLFYKTCPAGKNL,ACP
KLYKKFRHILKKVWHYVGKI,ACP
RPLNFKMLRFWGQQQCRRPLYCRRR,ACP
DGRELCLDPKENWVQRVVEKFLK,ACP
KWKLFKKIRFGRFLRKIRRFRPK,ACP
DSLKSYWYLQKFSWR,ACP
LIIFRILISHKK,ACP
ATCYCRTGRCATRESLSGVCEISGRLYRLCCR,ACP
IINVLKSILKPIKNQADKYI,ACP
RRRRRRRRVKLVNLGFATLREHVP,ACP
GFMDTAKNVAKNVAVTLIDKLRCKVTGGC,ACP
GWKKWFNRAKKVGKTVGGLAVDHYL,ACP
PQMVILQLLAFIFALVWRRH,ACP
GRCTRSIPPKCWPD,ACP
CKILSKTIKCRIPCGRRKEY,ACP
FLGVALKLGKVLGKALLPLASSLLHSQ,ACP
CVKVQVKVGSGVKVQVKVC,ACP
GMWSKILGHLIK,ACP
KWKFKKIPKFLHLAKKF,ACP
GFLDVLKGVGKAALGAVTHLINQGEQ,ACP
HTHQDFQPVLHLVALNTPLSGGMRGIR,ACP
RRAAHGLLPRLRAPPPFHKRCVCLCRTAPPP,ACP
PRFWEYWLRAME,ACP
VRLPPPVRLPPPVRLPPP,ACP
KWCFRVCSRGSCYRRCRG,ACP
GLFDIVKKIAGHIVSSI,ACP
RLWMRWYSPRTRAYG,ACP
FAKLLFKALKKAL,ACP
GVFYPWRFRLLCLLRRWLPRPRAWFIR,ACP
ARPAKAAATQKKVERKAPDA,ACP
AAVALLPAVLLALLAPMPFSTGKRIMLGE,ACP
PLLQATLGGGS,ACP
GKWKKILGHLIR,ACP
GLPICGETCVGGTCNTPGCFCTWPVCTRN,ACP
KIAGLAANFLPQILCKIARKC,ACP
FLPLLAGLAANFLPQIICKIARKC,ACP
WVKAAAKAAAKVW,ACP
ADPRVVVDLRFFGKSDIVEENRVTFGPNPK,ACP
RLLRLLLLRLLR,ACP
FLGWLFKWASKVL,ACP
FHIVELLALDQSLSLSVDGGNPKIIT,ACP
RPRALRDLQLL,ACP
RWRWPIRRRPIRPPWYR,ACP
GIMSSAMKKLAAHIAK,ACP
ALWKTLLKKVGKVAGKAVLNAVTNMANQNEQ,ACP
RRRRRRRRGGMWKGFILTVVELRVPTDLTL,ACP
ATPFIECSGARGTCHYFAN,ACP
GWINKIQKKIEKIGNKILGGMAKAGPVVHKLAKGEFQ,ACP
IFWLFRGKADVAL,ACP
PAWAKAFRAAARMKLKAA,ACP
ANWKKILKRLCDI,ACP
CGETCTLGTCYTAGCSCSWPVCTRNGVPI,ACP
GPNFAEISKINTTLLDLSDEMAMLQEVVKQLNDSYI,ACP
FVKLKKILNIINSIFKK,ACP
ILKLLSTAGLLSNL,ACP
INGSLDKRVQDCYHG,ACP
FAKKLAKKLKKLAKKLAKKWKL,ACP
GSEGPLKPGARIFSFDGKDVLRHPT,ACP
GRGDGPRRKKKKGPRRKKKKGPRR,ACP
NAYPNLRGDLQVLAQKVARTK,ACP
FAKKLAKKLAKAAL,ACP
RLRLRLRLRLRLRLRLKNNKNNKNNKNNKKKKKKKGYK,ACP
NGKKACLNPASPMVQKIIEKIL,ACP
KKLLPIVANLLKSLL,ACP
FLSLIPKAIKAVSALAKKL,ACP
HQFRFRFRVRRK,ACP
NRFTARFRRTPWRLCLQFRQ,ACP
ILGKIWKGLVSDF,ACP
SVSGGGHHHHHHGGG,ACP
IHKLVKLWLNLGKKF,ACP
GIPCGESCVFIPCLTSAIDCSCKSKVCYRN,ACP
QSHLSMCSVCCNCCKNYKGCGFCCRF,ACP
RRRRRRRGGIYLATALAKWALKQGF,ACP
ALLEMFPEITV,ACP
RWKRINRQWFFWQRNIRKWR,ACP
SPRMSGLLSQT,ACP
RWRWPIRRRPIRPPFWR,ACP
PAWHHAFHWAWRMLKKAA,ACP
RFRWPIRRPPIRPPFYP,ACP
YVDAVLGKGHQY,ACP
GWWRRTVAKVAK,ACP
PRFWEAWLRLME,ACP
GLFAVIKKASVKGL,ACP
GWGSFFRRAAHVGRHVGRAALTHYL,ACP
FLGALWKVAKKVF,ACP
KETWWETWWTEWSQPKKKRKVC,ACP
FIVPSIFLLKKAFCIALKKC,ACP
AAWKWAWAKKWAKAKKWAKAA,ACP
CKGRGKRCREKQRPSDKPRR,ACP
FALAKKALKKAKKAL,ACP
RRFHFHFPGFHFHFRR,ACP
LSQEFSDLWKLPEN,ACP
FFSLIPKLVKGLISAFK,ACP
LSQQTFNLWRLLQN,ACP
AGLGKIGALIQKVIAKYKA,ACP
FLSGIVGMLFKLF,ACP
RLPRILRKIVRRL,ACP
KTLVAELLILK,ACP
FLPLILRKIVTAL,ACP
RWVHVPGRWVHV,ACP
YGRKKRPQRRR,ACP
RWLHLPGRWLHL,ACP
VKKFAWWWAFLKK,ACP
GLPCGESCVFIPCITTVVGCSCKNKVCYNN,ACP
RKKRRQRRRGSSKRIVQRIKDFLR,ACP
GLGKALAKALACLAKALA,ACP
LKLKLKLKLKLKLKLKLKLKLKLK,ACP
EARPALLTSRLRFIPK,ACP
CTKSIPPICRFWKTW,ACP
MKIVVKRVPKFLRGFVKLIFGLKDEK,ACP
FFLIPKGRRRRRRRRR,ACP
KLLKIVVIKVLK,ACP
RFRPPIRRPPIRPPFYR,ACP
NWKKILGKILDHLAC,ACP
GKKLLKKGKGWLGGLWGK,ACP
AGYLLGKINLKKLAKLLLIL,ACP
FTILKKLKSFIK,ACP
WRLRWRLRWRLR,ACP
GIPCAESCVYIPCTVTALLGCSCSDKVCYN,ACP
KRKILILIGSG,ACP
FLPLLAGLAANFLPTIICKISYKC,ACP
FLKDHRISTFKNWPF,ACP
CELAGIGILTVRKKRRQRRR,ACP
ILGAILPLVSGLLSNKL,ACP
IAWVKAFIRKLRKGPLG,ACP
WEAALAEALAEALAEHLAEALAEALEALAA,ACP
GRGDRGDRGDLPETGGS,ACP
MCEFGMIRRCISYKCQCHEAY,ACP
IKIKIKIKIKIKIKIKKLAKLAKLAKLAKLAKLAKKIK,ACP
YGRRARRRARR,ACP
RRFRFFFRFRR,ACP
AFPVTSIFHTF,ACP
ALSKALSKALSKALSKALSKALSK,ACP
DDDDDNDKIPDDRDN,ACP
GLFKKLWRKIKKWF,ACP
RLRLRLRLRLRLRLRLKRLKRLKRLKRLKKKKKKKGYK,ACP
VRRFPWAAPFLRR,ACP
VKKWVKKAVKKWVKKA,ACP
FKRIVQLIKDFLR,ACP
MANAGLQLLGFILAFLGW,ACP
NSIKFQKDIDKFVNIINGALQP,ACP
RIMRILRILKLAR,ACP
AARIILRRRFR,ACP
ACDCRGDCFCGGGGIVRRADRAAVP,ACP
KKLGLCLGLKK,ACP
VRRFPFFFPFLRR,ACP
CRKRLDRCGGGKLAKLAKKLAKLAK,ACP
GSKRWRKFEKRVKKIFEETKEALPVVQGVVGVATAVGRK,ACP
YAREARRAARR,ACP
RQIKIQFQNRRMKWKKKAYARIGNSYFK,ACP
WWKAAAKAAAKWW,ACP
AELPPEFAAQLRKIGDKVYC,ACP
IIIKKIKKKIKKIII,ACP
SWKSMAKKLKEYMEKLKQRA,ACP
RRRRNRTRRNRRRVRGC,ACP
FIHHIIGGLFSAGKAIHRLIRRRRR,ACP
LKQGNHINLPS,ACP
CGAYDLRRRERQSRLRRRERQSR,ACP
KKRKAPKKKRKFA,ACP
AWLKRIKKFLKALFWVWVW,ACP
CLKKLLKLLKKLLKLCLEELLHHLEELLHH,ACP
KISKKIMRTFLRRISKDILTGKK,ACP
QPWGTCSESCGKGTQTRAR,ACP
RWRRPIRRRPIRPPFYW,ACP
SVSRAGSPSGGPFC,ACP
FLPLLASLFSRLF,ACP
HADELVAGVKQ,ACP
GFGSKPLDSFGLNFF,ACP
KKLFKKGLKFL,ACP
WWRRWWRRWRRWWRRWWR,ACP
KTKLFKKFAKKLAKKLKKLAKKL,ACP
MVAAIVKAILAALTGLANALLPLFK,ACP
GGGWGQPHVGG,ACP
NHFTLKCPKTALTEPPTLAY,ACP
FAKALAKLAKKLL,ACP
TSWSPCSASCGGGHYQRTR,ACP
CVRRFPWWYPFLRRC,ACP
KILRGVSKRILTGKK,ACP
LKLSPKTKDTLKKVLKGAIKGAIAIASMA,ACP
SLLPLIRKLIT,ACP
CALNNYGRKKRRQRRR,ACP
TLDSALNAASYY,ACP
VKKWVKKWVKKWVKKW,ACP
YNKKYMKHLKPCKKA,ACP
GIPCGESCVYIPCTVTALLGCSCKDKVCYKN,ACP
AWKKWAKAWKWAKAKWWAKAA,ACP
YQEPVLGPVRGPFPIIV,ACP
CGETCVGGTCNTPGCTCSWPVCTRNGLNPV,ACP
GLGDFIKAIAKHLGPLIGILPSKLKVAA,ACP
YRPWGSGSGFG,ACP
KRIIQRILSRNS,ACP
ENWGACDGGTGTKVR,ACP
RRIPFWPPNLPGPRRPPWFLPDFRIPRIPRKR,ACP
KKKLLLLLKKK,ACP
AWLDKLKSIGKVVGKVAIGVAKNLLNPQ,ACP
RRRRRRRSKAPKVVILSKALEYLQA,ACP
RRLIRTDTGPIIYDYFKDQLLKKGMVILRESMKNLKGM,ACP
ADVFDRGGPYLQRGVADLVPTATLLDTYSP,ACP
LVRAYVQRYRYFRKHGRK,ACP
GLKKLAELAHKLLKLGC,ACP
RTVGGMATHWTCACPTPHDEERVNNPVDK,ACP
RLPRIWWIRVPR,ACP
GLKKVIKLLRPLL,ACP
LKLKLKCTKSGCKLKLKL,ACP
KWKSFAKTFKSAKKTVAHTALKAISS,ACP
SRWRWWWRWRA,ACP
TTDFPSESSFEY,ACP
GLFDIVKGIKSLF,ACP
KWKKLLKKPLKLKL,ACP
VRKPPYLPRPRWPRRIYNR,ACP
GCRLYGFKFHGCG,ACP
DVNFLLHKIYGNIRY,ACP
PAWRKARRWARRMKKLAA,ACP
KKLALHALKKWLHALKKLAHLALKK,ACP
SAGFVSLVCRGCRWRRRRRRLRIVR,ACP
FKCRRWQWRMKKLGAPSITCVR,ACP
FAKKLAKKLAKLL,ACP
CLKKLLKLLKKLLKLCLEHLLEHLEHLLEH,ACP
GFLDIIKDTGKEFAVKILNNLKCKLAGGCPP,ACP
NLCASLRARHTIPQCRKFGRR,ACP
RLLLRLLLRLLLR,ACP
NGVQPKYRWWRWWRRWW,ACP
AAEIGDKSWLY,ACP
IVPFLLGMVPKLVCLITKKC,ACP
RCFRRRGKLTC,ACP
KWCRKWQWRGVKFIKCV,ACP
NGRKISLDLRAPLYKKIIKKLLES,ACP
ITKVITKLLNRLTKILSK,ACP
LRRLRRRWWWRRRLRRL,ACP
FAKLLALALKLKL,ACP
GIFSKLAGKKIKNLLISGLKG,ACP
SRSCLIVCQRLF,ACP
VPLPAGGGTVL,ACP
FLPLIIGALSSLLPKIF,ACP
IRIILRAQGALKI,ACP
DFKLFAVTIKYR,ACP
GSGKKGGKKHCQKY,ACP
RSTEDIIKSISGGGFLNAMNA,ACP
KWCFKVCYKGICYKKCKG,ACP
FGCTWMNSTGFTKTC,ACP
RRWQWRPKRIVKLIKKWLR,ACP
AVPDVAFNAYG,ACP
MIIFRIAASHKK,ACP
KMWSKILGHLIR,ACP
IIGPVLGLIGKALGGLL,ACP
NDEEWFYHLFFNV,ACP
VGTDFSGNDDISDVQK,ACP
MIIFRIAATHKK,ACP
KLKKLFKKILKY,ACP
QPWSQCSATCGDGVRERRR,ACP
GFFGKRKEYFKKFGASFKRRFANLKKRL,ACP
RRRRPIRRRPIRPPWYP,ACP
LDLSDEMAMLQEVVKQLNDSYIDLKELGNYTYYNKW,ACP
CWKWKWKWGSGWKWKWKWC,ACP
GLPVCGETCFGGTCNTPGCTCDPWPVCTRN,ACP
FLGALWKALSKLL,ACP
GLFGKLIKKFLRKAISYAVKKARGKH,ACP
AAVPIVNLKDELLFPSWEALFSGSE,ACP
RIIDLLWRVWRPQKPKFVTVWVR,ACP
KLLKLLKLKKLLKL,ACP
DKPKKKPPPPAGPPPPPPPPPGPPPPGP,ACP
LKKWLKKWTGKASQFFGLM,ACP
LALALALALALALALALALALA,ACP
RWRWPIRRPPIRPPFYR,ACP
FLIGMTQGLICLITRKC,ACP
DDDDKRAGSPSGGPFCALARQPLTGSPPNERAFFCSSRDV,ACP
RPEIWMAQVLRRFGDLLNAYYAR,ACP
SAWRACSVTCGKGIQKRSR,ACP
ETFADWWKLLAE,ACP
RKLILKRKRILIKR,ACP
YGRKKRRQRRRQNAQYLR,ACP
EGKLSSNDTEGGLCKEFLHPSKVDLPR,ACP
KFLGPAEHLTF,ACP
HPMIDINGIIVF,ACP
RFLKHLHTYYERAWHVIGHL,ACP
GLLDIVKKVVGAFGSL,ACP
MMKIRNTLRSRKEAVRRIFSLRRRSVFTEMARAFRRFKAR,ACP
WFGKLYRGKTKVVKKVKGLLKG,ACP
GLFDIVKKIAGHIAGSI,ACP
RVRRFWPLVPVAINTVAAGINLYKAIRRK,ACP
LKAAAAAAKLAAKAAKAALKAAAAAAKL,ACP
GFSSIFRGVAKFASKGLGKKLAKLGVKLVACKISKQC,ACP
MQFITDLIKKAVDFFKGLFDNK,ACP
GLFDIVKKVLKLLK,ACP
RLRRIVVIRVFR,ACP
CTKSIPPICFPDGR,ACP
MIIFRALISHKK,ACP
SGGYCGGWHRLRCTSYRSG,ACP
LIKKLKEYLKKLI,ACP
VHFEDTGKTLLF,ACP
DSIRDVSPTFNKIRRWFDGLFK,ACP
LRRFSTMPFMFCNINNVCNF,ACP
RRWRWWWRWRR,ACP
RTMSEAALVRK,ACP
FLSLIPAAISAVSALANHF,ACP
KLVKKLLKKYITF,ACP
LKGKLWLKGKL,ACP
GFGCNGPWSEDDLRCHRHCKSIKGYRGGYCAKGGFVCKCY,ACP
RFRRPIRRRPIRPPFWR,ACP
FAKLWAKLAFGKGIGKVGKKLL,ACP
LSQETFDLWKLLEN,ACP
VDRPPYLPRPRPPRRIYNR,ACP
RRWHWHWPGWHWHWRR,ACP
GLFDIWKGIKSLF,ACP
KISKKIMRTFLRRILTGKK,ACP
EKKPWARLRFKFKLLKGLAKKMK,ACP
KIFKKFKTIIKKVWRIFGRF,ACP
EEIEGKGSFTYF,ACP
KWKLAKKALALL,ACP
TSLDASIWAMMQNA,ACP
KIITNLSKQSTLNFDSPLYVGG,ACP
GIFDVLKNLAKGVITSLAS,ACP
KKALAKALKHWLPALHKLAKALAKK,ACP
GLWRALWRGLRSLWKKKRKV,ACP
GCRALCYKQRCVTYCRGA,ACP
ITCPQVTQSLAPCVPYLISG,ACP
CQDLFGRAPSKAVNPDEA,ACP
YHWYGYTPQNVIGGGKLLLKLLKKLLKLLKKK,ACP
QLLQLIRKLII,ACP
AGYLLGKINLKALAALAKKILTYADFIASGRTGRRNAI,ACP
AARIILRLRFR,ACP
PAWRKAFRWAWRMLKKAA,ACP
GAEAVVNYLGVS,ACP
FFPLIFGALSSILPKIL,ACP
KKALKHALAKWLPALKALAHKLAKK,ACP
FLGLLFHGVHHVGKWIHGLIHGHH,ACP
KGRGARRREKQRPSDKPRR,ACP
GLFKIISKLAKKA,ACP
KKHRKHRKHRKHWKKWSKKWKHWIPQCKKFGKK,ACP
AVKRAVKRFKVHFRCKAAFC,ACP
WRWRWRWRWRWR,ACP
LVDNSIRELQY,ACP
RRSGSRRCRCAWWRGVRCRRSPSRA,ACP
VRRFPYWYPFLRR,ACP
GRKKRRQRRRGALWKSLLKNVGKA,ACP
FQWQRNIRKVRPRVKRINRQWQF,ACP
FSGSGSGSGRRRRRRRRGC,ACP
HHHHHHHHHHHHHHHHHHHHRRRRRRRRRRRRRRR,ACP
NNEQWFYHLFFNV,ACP
FAKLLAKALKLKL,ACP
RRWKIVVIRWRR,ACP
GWKDFKKTIKKLLRGASRLLKF,ACP
ILKPKLWKLTVVARKIIK,ACP
VRRFPYYYPFLRR,ACP
TSFAEYWNLLSP,ACP
KFFKRLLKSVRRAVKKFRKKPRLIGLSTLL,ACP
GEYCGESCYLIPCFTPGCYCVSRQCVNKN,ACP
KKLTLWLTLKK,ACP
ILGKLLSTAAGLLKNL,ACP
VIHRAGLQFPVGRVHRLLRK,ACP
FIGSALKVLAGVLPSIVSWVKQ,ACP
HRIRQLKTTIKKFWEIWPKI,ACP
RRGCFRVCYRGFCFQRCR,ACP
GWGSFFKKAAHVGKHVGKAALTHYL,ACP
FLPLAVSLAANFLPKLFCKITKKC,ACP
RIENGLRKRLQSIYRHLEE,ACP
GLMSSIGKALGGLIVDVLKPKTPAS,ACP
LKKLLKKVKGWLGGLWGK,ACP
GLLSVLGSVAKHVLGHVVGVIAEHL,ACP
DDEKEQFLYHLLSFNAV,ACP
GWARRTVAKVRK,ACP
ADDKNPLEECFRETDYEEFLEIARNGLKATSNPKRVV,ACP
FLFSLIPNAISGLLSAFK,ACP
CVKVKVKVGSGVKVKVKVC,ACP
VKKFPWWWPFLKK,ACP
RKKRRQRRRCWTKSIPPKPC,ACP
CPKILKKCRRDSDCPGACICRYWKVCGSGSDGGV,ACP
PFWRRRIRIRRRRIRIRRRWFP,ACP
MKKLLLILFCLALALAGCKKAP,ACP
ILGTILGLLKGL,ACP
FIIDTTYPAYV,ACP
SPNITVTLKKFPL,ACP
AGGKRIVKRIKKFLRGAGGKRIVKRIKKFLRG,ACP
ISRLAGLLRKGGEKIGEKLKKIGQKIKNFFQKLVPQPE,ACP
NQHSKNTLLIGP,ACP
RRWLWLRRWLWR,ACP
ILPWKWPWWPWKK,ACP
ILGKLLKTAAGLLSNL,ACP
TFKRKNGSRKNGHRPGGYSLIALGNKKVLKAPYMESI,ACP
RLIKRIKTWYRKAWKVVGKF,ACP
WRRWRRRWRRRWRRW,ACP
GLWRALWRLLRSLWRLLWKA,ACP
RLLRLIRKLII,ACP
KLGALWNVAKSKF,ACP
GWKDWFRKAKKVGKTVGGLALNHYL,ACP
DDEEWFYHLSFNV,ACP
DTWAGVEAIIRILQQLLFIHFR,ACP
GLFSVVKGVLKGVGKNVSGSLLDQLKCKISGGC,ACP
GLWSKIKEAAKAAGKAALNAVTGLVNQGDQPS,ACP
KWKSFLKTFKSLKKTVLHTLLKAISS,ACP
GVLGAVKDLLIGAGKSAAQSVLKTLSCKLSNDC,ACP
GLFDVIKKVAAVIGGL,ACP
IVIKSLGKFLKNVGGFAG,ACP
RAGLQFPVGKLLKKLLKKLLK,ACP
RWLKLNGRWLKL,ACP
GFGCPLNQGACHRHCRSIRRRGGYCSGIIKQTCTCY,ACP
GVWGIAKIAGKVLGNILPHVFSSNQS,ACP
VRRFPWYWPFLRR,ACP
FSIPEGALVAV,ACP
AGRGKRRREKQRPSDKPRR,ACP
LKIPGFVKDTLKKVAKGIFSAVAGAMTPS,ACP
SEWSDCSVTCGKGMRTRQR,ACP
PKYVKQNTLKLAT,ACP
ILSLRWWRKWWKK,ACP
MRGIRGADFQAFQQARAVGLAGTFR,ACP
GLFDIVKKVVGTLAGL,ACP
FLGWLFKVASK,ACP
GAVPCGETCVYLPCITPDIGCSCQNKVCYRD,ACP
FVDLKKIANIINSIFKK,ACP
FLSLIPHIVSGVASLAKHF,ACP
GCRRLCYKQRCVTYCRGPPR,ACP
NPKVFLKKIIKVVK,ACP
TTKKEELEKKKKT,ACP
RAGLQFPVGRLLRRLLRRLLR,ACP
RKKRRRESRKKRRRESC,ACP
PDEDAINDALNKVCSTGRRQRSICKQLLKK,ACP
KAAKKAAKAAKKAAKAAKKAA,ACP
MIIFRAAASHKK,ACP
RQARRNRRRALWKTLLKKVLKA,ACP
RKAFRWAWRMLKKAAPSITCVR,ACP
KWKLFKKIGPGKFLHSAKKF,ACP
VRLRVKTRVRLK,ACP
RRWQWWWQWRR,ACP
RLWRIVVIRVKR,ACP
PKKKRKVWKLLQQFFGLM,ACP
IINVLTSIVTPIKNQLDKYQ,ACP
CELAGIGILTVKKKKKQKKK,ACP
GKWKKILGKLIR,ACP
FKIGGFAKKLWRSLLA,ACP
FAKLFAKLAKKFAL,ACP
GIMSSLMKKAAAHIAK,ACP
RTDSCSSAQAQY,ACP
TEWSACSKTCGMGISTRV,ACP
KIAKVALAKLGIGAVLKVLTTGL,ACP
KWFKIQLQIKKWKNKK,ACP
GLFKVIKKVAKVIKKL,ACP
RPPAAGLRGISL,ACP
GKRKKKGKLGKKRPRSR,ACP
GIGAVLKVLTTGLPALKSWIKRKRQQ,ACP
GWGSIFKHGRHAAKHIGHAAVNHYL,ACP
RRWCFRVCYKGFCYRKCR,ACP
FLKLLKKLAAKFLPTIICKISYKC,ACP
GIPCGESCAFLPCLTSLLGCTCQNKVCYRD,ACP
GPKTKAACKMACKLATCGKKPGGWKCKLCELGCDAV,ACP
RRRLLLLLRRR,ACP
LSQETFNLWKLLQN,ACP
IKPIIKPIIKPIIKPIIKPIIKPIIKPI,ACP
LLGPYELWELSH,ACP
NVLLSPLSVATALSALSLGAEQRTES,ACP
FAKKLAKLAKKALAL,ACP
FIHHIIGALGHLF,ACP
WRNWRNWRNWRNWRNWRN,ACP
RWFHFPGRWFHF,ACP
CELDENNTPMC,ACP
YGRGGRRGRRR,ACP
WRRRYRRWRRRRRWRRRPRR,ACP
CPKILKKCRRDSDCPGACICRGNGYCGSGSDGGV,ACP
ARRARRRWRRRARRA,ACP
GLPVCGETCTLGTCSTQGCTCSWPICKRN,ACP
FAKLAKKALAKLL,ACP
YLDRGTGNVSFY,ACP
MWKWFHNVLSSWQLLADKRPARDYNRK,ACP
AIMSSLMKKLAAHIAK,ACP
RKRWWRWWKWWKR,ACP
FKIGGFIKKAWRSLLA,ACP
CASYFCRWWWLL,ACP
MNLGKGISEAYKGFMKGAFGKNWNK,ACP
GLFAVIKKVAAVIKKL,ACP
FLPLIGRVLSGIL,ACP
GIPCGESCVFIPCISSVIGCSCSSKVCYRN,ACP
FKAFKAFKAFKAFKAFKAFKAFKAFKAFKA,ACP
WRSWRSWRSWRSWRSWRS,ACP
GIMSSLMKKLAAHAAK,ACP
TSRSSGRYSRSPYDRRRRYSRRITDASV,ACP
RPEIWIAQGLRRIGDTWNAYYAR,ACP
RGLRRLGRKIAHGVKKYGPTVLRIIRIA,ACP
GFSSLFKAGAKYLLKQVGKAGAQQLACKAANNC,ACP
GIPCGESCVFIPCITAAIGCSCKSKVCYRN,ACP
TVVRRRGRSPRRRTPSPRRRRSQSPRRRRSQSRESQC,ACP
KRLKKIFKKMIKIF,ACP
GSRGWGFEPGVRCLIWCD,ACP
IKFEPPLPPKKAH,ACP
PAWFKARRWAWRMKKLAA,ACP
LLLGSIGLLGV,ACP
GLPVCGETCFGGRCNTPGCTCSYPICTRN,ACP
GARELRRLERELRRLEKGGGGGGKLAALTFEHYWAQLTSC,ACP
AARIILRFRFR,ACP
WKQSHKKGGKKGSG,ACP
LNKQTHGLIPNS,ACP
YLKNYRIATFKNWPF,ACP
DNQQWFYHLFFNV,ACP
DILIIVGGGSGKERKKRRR,ACP
GALFLGFLGAAGSTMGAWSQPKKKRKV,ACP
WRVRWRVRWRVR,ACP
KKRKKKAFALKFVVDLI,ACP
GIGKAIAKAIACIAKAIA,ACP
DILIIVGGRRRR,ACP
GLPVCGETCFGGTCNTPGCSCTWPICTRD,ACP
FLKLLAGLLKNFA,ACP
APRWKFGKRLEKLGRNVFRAAKKALPVIAGYKAL,ACP
GLRKRLRKFFNKIKEF,ACP
ILGPVLGLVSDTLDDVLGIL,ACP
FVTRGCPRRLVARLIRVMVPRR,ACP
TAWYANFEALLR,ACP
GCRRLCWKQRCVTYCRGR,ACP
WLWKAIWKLLK,ACP
SPWSQCSVRCGRGQRSRQVR,ACP
FIKWKFRWWKWRK,ACP
KKKKKKGGFLGFWRGENGRKTRSAYERMCNILKGK,ACP
IRKLKSWKWLRWL,ACP
LTAEHYAAQATS,ACP
LRKVRRLLRRL,ACP
FIQHLIPLIPHAIQGIKDIF,ACP
EYKGKCKTKKNKCK,ACP
RRIRIRPPRLPRPRPRPYFMPRP,ACP
YRRFLRPRYRVAY,ACP
WRVRWKVRWRVK,ACP
ILKPGGGTSGGLLGGLLGKVTSVIPGLNNI,ACP
TAEEAAGIGILTV,ACP
RWIKIPGRWIKI,ACP
KFAKFAKKFAKFAKGGQQFFGLM,ACP
FVQWFSKFLGRIL,ACP
GIMSSLMKKLAAHIAA,ACP
LWAAQRYGRELRRMSDEFEGSFKGL,ACP
FRRFFKWPRRPFKFF,ACP
GYGNCRHFKQKPRRD,ACP
RRIPFWPIPLRWQWPPPWFPPSFPIPRISRKR,ACP
FLPIIAGIAAKFLPKIFCTISKKC,ACP
IIKDLLKIVTPIANQLIKYQ,ACP
ANIKLSVQMKLFKRHLKWKIIVKLNDGRELSLDA,ACP
KAWKKAWKAAKKAWKAAKKAA,ACP
GLLEALAELLEGLRKRLRKFRNKIKEK,ACP
CVKVSVKVGSGVKVSVKVC,ACP
KRIWQKIKNFFQKL,ACP
KFFRKLKKSVKKRAKEFFKKPRVIGVSIPF,ACP
VEPNCDIHVMWEWECFERL,ACP
RRRRRRRRGGILTVVELRVP,ACP
CLLIILRRRIRKQAHAHSKNHQQQNPHQPPM,ACP
RPFTRAQWFAIQHISPRTIAMRAINNYRWR,ACP
PMLRVRLASHLRKLRKRLLR,ACP
GLPTCGETCTLGTCYVPDCSCSWPICMKN,ACP
FFSLLPSLIGGLVSAIK,ACP
CNGRCGGKLAKLAKKLAKLAK,ACP
TLLLLIRKLIL,ACP
CKYKFENWGACDGGT,ACP
FAKLLAKLAKLKL,ACP
VDKPPYLPRPWPPRRIYNR,ACP
KRIVKLLLKWLR,ACP
ILSLRWRWKWWKK,ACP
RQRRNKLRSKFLTLRDH,ACP
VLGLALIVGGALLIKKKQAKS,ACP
MAARLCCQLDPARDVLCLRP,ACP
GVPCGESCVYIPCFTGIINCSCRDKVCYNN,ACP
FKLVWKLLKKLALKL,ACP
GLWRALWRLLRSLWRLLWSQPKKKRKV,ACP
EISKINTTLLDLSDEMAMLQEVVKQLNDSYIDLKEL,ACP
VRRFPWWAPFLRR,ACP
AGYLLGHINLHHLAHLHHILC,ACP
FLSLLPHIASGIASLVSKF,ACP
GLPLCGETCVGGTCNTPGCSCGWPVCVRN,ACP
FALLKALKKAL,ACP
RRRQKRIVVRRRLIR,ACP
LSTAADMQGVVTDGMASGLDKDYLKPDD,ACP
VKKLVKKLVKKAVKKA,ACP
WRFRWKTRWRFK,ACP
RKIKRYLRRMIPPIMRELYREIER,ACP
FLRWRLKFKSKVWCP,ACP
RRPKGRGKRAAAKQRPSDKPRR,ACP
NTSDMMGRMSY,ACP
FKLRAKIKVRLRAKIKL,ACP
SLDQINVTFLDLEYEMKKLEEAIKKLEESYIDLKEL,ACP
GLLEDERALQL,ACP
FAKKLKKLAKLAKKL,ACP
FLPLLLSALPSFLCLVFKKC,ACP
WRFRWRFRWRFR,ACP
RILQQLLFIHFRIGCRHSRI,ACP
TCRSSGRYCRSPYDRRRRYCRRITDACV,ACP
GIMSLMKLAAHIAK,ACP
LIVSETNPTQVVAALLRNLNTSNDELVVAK,ACP
GSYPQFMAPGLVLHITGTTRIGTDDQTSVADPTSK,ACP
KYLKYLVRLVGRLYR,ACP
LLKKVLALLKKVL,ACP
TAWYANFEKLLR,ACP
QQHLLIAINGYPRYN,ACP
RKKRRQRRRLNLKALLAVAKKIL,ACP
FAKKLAKLKKKLAKLAKKR,ACP
GKYVSLTTPKNPTKRRITPKDV,ACP
CGGYSGGWHRLRSTSYRCG,ACP
FPVTWRWWKWWKGKFPVTWRWWKWWKG,ACP
LHQNIVDVQYMYGLS,ACP
IKYLLVKLQGASQKTITLMLRRNNLYVMGYS,ACP
ADPRNPLEECFRETD,ACP
KAQIRAMECNILGRKKRRQRRR,ACP
FKGLAKLLKIGLKALAKVIQ,ACP
GCGGGYGRKKRRQRRR,ACP
LSQETFSDLWKLLPEN,ACP
CDSDSDITWDQLWDLMK,ACP
YRRAARRAARA,ACP
FLFSLIPSVIAGLVSAIRN,ACP
GSDHQSPSSSSY,ACP
FLKLLKKLAAKLF,ACP
NEPCDSDGDCCTSSEQCISTGSKYFC,ACP
ASIGALIQKAIALIKAKAA,ACP
VKKFAWWWPFLKK,ACP
FLPALAGIAGLLGKIF,ACP
EEEEEEEEPLGLAGRRRRRRRRN,ACP
TAGIKLTVPIEKFPVTTQTFWG,ACP
MIIYRDLISKK,ACP
VIRVHFRLPVRTV,ACP
KWRSKIKKIMRTFK,ACP
AAVALLPAVLLALLAPQLGKKILAARPSKKKRHW,ACP
ATCDLLSPFKVGHAACALHCIAMGRRGGWCDGRAVCNCRR,ACP
AMAYLAKDNLGEKITEVITILLNRLTDRLEKYAG,ACP
AARIILRNRFR,ACP
VTCYCRRTRCGFRERLSGACGYRGRIYRLCCR,ACP
QLLKKVRTWYRKAWHLYGKV,ACP
KNWKKILKKIIKVVK,ACP
VFIDHPVHLKF,ACP
KLLKKVVKLFKKKKK,ACP
GLPVCGETCFGGTCNTPGCSCETWPVCSRN,ACP
IKLSPTKDLKKVLKGIKGIAVAKMV,ACP
RPEIWLAQYLRRLGDQINAYYAR,ACP
TRSSRAGLQWPVGRVHRLLRKGGC,ACP
GKWKSLLKHILK,ACP
ETIRVTKPCTPKTKA,ACP
KRRIRRERNKMAAAKSRNRRRELTDTGC,ACP
KKLLGWGLLKK,ACP
EKRWRRLIFNYF,ACP
LLRHCLRRIRDRLV,ACP
PWRIRIRRRRIRIRWPPWRIRIRR,ACP
KVVKKVKKKVKKVVK,ACP
FAKKLAKKLKKLAKKLIGAVLKV,ACP
KFFKKLKNSVKKRAKKFFKKPRVIGVSIPF,ACP
FALALKALKKLKKALKKAL,ACP
GKWMTLLKHILK,ACP
LLGDFKRIVQRIKDF,ACP
RIWGKHSRYIKIVKRLIQ,ACP
VQRWLIVWRIRK,ACP
FLSGIVGMLGKLE,ACP
QEQDVDLVQKY,ACP
CGGYCGGWKRKRCTSYRCG,ACP
GWWRATVAKVRK,ACP
KFAKFAKKFAKFAKKFAKFAK,ACP
MQHRGFLLLTLLALL,ACP
GIACGESCVFLGCFIPGCSCKSKVCYFN,ACP
VTAQVVGTERY,ACP
WHSDMEWWYLLGGGGKLLLKLLKKLLKLLKKK,ACP
ACGILHDNCVYVPAQNPCCRGLQCRYGKCLVQV,ACP
PKKKRKVALWKTLLKKVLKA,ACP
YGRKKRRQRRRENAEYLR,ACP
RLRRIWWIRVRR,ACP
GMWSKLLGHLLR,ACP
GLLRRLRDFLKKIGEKFKKIGY,ACP
GLLPCAESCVYIPCLTTVIGCSCKSKVCYKN,ACP
QTQRIRCRVPCNWKK,ACP
YSDDGQKWTVY,ACP
VHNFNNLWVGGNGCIPDATACNPTRTSVAYALK,ACP
RRIPFWPPNWPGPWLPPWSPPDFRIPRILRKR,ACP
DPFFKVPVNKLAAAVSNFGYDLYRVRSSTSPTTN,ACP
KLWKKIEKLIKKLLTSIR,ACP
RRRRRRRGGKLAKLAKKLAKLAK,ACP
VKRTKRGARRGLTKVLKKIFGSIVKKAVSKGV,ACP
FLFKLIPKAIKGLLKAFK,ACP
GFKDLLKGAAKALVKTVKF,ACP
KCVRQNNKRVCKGLRKRLRKFRNK,ACP
QIYKKYRTWYRKAWKVLGKV,ACP
CPKILKKCRRDSDCPGACICRGNGYCGRRKRRRG,ACP
LRLKSIVSYAKKVL,ACP
KKKKLKKILKKLFNFINNLDNNLNDIKNNK,ACP
CPGPEGAGCLLIILRRRIRKQAHAHSK,ACP
IKKIIKIIKKIIKKI,ACP
VALTGLTVAEYFR,ACP
RWKIFKKAAKKG,ACP
GWINEEKIQKKIDEKIGNNILGGMAKAVVHKLAKGEFQ,ACP
CGNVVRQGCGYGRKKRRQRRRGTALDWSWLQTE,ACP
TERVRLVTRHIYNREE,ACP
GWYEIIKKIYKWLK,ACP
IPCGESCVWIPCISGMFGCSCKDKVCYS,ACP
GRKKRRQRRRGGWMWVTNLRTD,ACP
RRWSWWWSWRR,ACP
KRKSGSGSKRK,ACP
RRRRRRRRGGVVELRVPTDLTLLPGHLYMM,ACP
CIRLDLELINFQSDLQHELLKTRLRG,ACP
VKRFKFFRKLKLV,ACP
YPRGNHWAVGHL,ACP
QTDHPQPILDRY,ACP
ECKFTVKPYLKRFQVYYKGRMWCP,ACP
YGRKKRRQRRRDYQQD,ACP
ARCCLVMPVPPFACVKFCS,ACP
INLKAIAAMAKKLL,ACP
WFKAAAKAAAKFW,ACP
AARIILRGRFR,ACP
RVREWWYTITLKQES,ACP
KWKSFLKTFKSAKKTVLHTAAKAISS,ACP
ADVWKKVIKVIK,ACP
GEWYNQTKDLQQKFYEIIMDIEQNNVQGKKGIQQL,ACP
SPWSPCSGNCSTGKQQRTR,ACP
VRFKKFFKLKKLV,ACP
LLCLDGTRKPVTEAQSCHLAVAPNHAVVSR,ACP
KGIRGYKGGYKGAFKQTKY,ACP
KLWKKWKKWLK,ACP
GRKKRRQRRRPQSKRKKNKKGKRK,ACP
VKRFKKFFLKLKSV,ACP
GIKEMLCNMACAQTVCKKSGGPLCDTCQAACKALG,ACP
AAVLLPVLLAAP,ACP
GIMSSLMAKLAAHIAK,ACP
LWKRWVGVWRKWL,ACP
KLLGKWKGLLK,ACP
VNWKKVLAKIIKVVK,ACP
KWSFRVSYRGISYRRSRGK,ACP
FFALQCAAKTRTRRV,ACP
KIALKALKALKALGKALKAL,ACP
FILYGLIRFGRLLRK,ACP
KKKKKKFLPFLASLALKIL,ACP
KILRGVSKKIMRRILTGKK,ACP
RWKIFKKIERVGQNVRDGIIKAGPAIQVLGTAKALGK,ACP
KKKKFFMFVFFKKKK,ACP
KMTRAQRRAAARRNRWTARGC,ACP
WRTRWRTRWRTR,ACP
GKPICGETCFKGKCYTPGCTCSYPICKKD,ACP
NPEKALEKLIAIQKAIKGMLNGWFTGVGFRRKR,ACP
TLYNPERTITV,ACP
FLGMIPKLIKKLIKAFK,ACP
RRPKGRGKRRREKQRPCDKPRR,ACP
GVPICGETCVGGTCNTPGCSCSWPVCTRN,ACP
APPGVTFSFPIS,ACP
GLWSKIKDAAKTAGKAALGFVNEMV,ACP
LARFVLRILKYGFK,ACP
ACFLTRLGTYVC,ACP
ACLRIRVCNRYYCYVFLRCF,ACP
AARIILRPRFR,ACP
RCFQWQRNMRRVRGPPVSCIRR,ACP
DDQEWFYHLFFNV,ACP
KKMMKKGGKFGTFMAIGMGIR,ACP
GLMDTIKGVAKTVAASWLDKLKCKITGC,ACP
GWWRRTVDKVRNAGRKVAGFASKACGALGH,ACP
TKPRKTKPRKTKPRKTKPR,ACP
TGALVEEEDPF,ACP
FLPLLLAGLPSFLCLVFKKC,ACP
LVPRGSRAGSPSGGPFCALARQPLTGARLMSGLFFALHET,ACP
GARELRRLERELRRLEGGGGGGGKLAALKFKLLWLKLAC,ACP
MDAQTRRRERRAEKQAQWKAANGC,ACP
FCIRVRVCNHYFCFYALRCF,ACP
SMLLLFFLGTISLSLCQDDQERC,ACP
CVLIGQRCDNDRGPRCCSGQGNCVPLPFLGGVCAV,ACP
KFAKFAKKFAKFAKGGRPKPQQFFGLM,ACP
KGAGKRRREKQRPSDKPRR,ACP
GIGKFLKKAKKFAKAFVKIINN,ACP
WYQLIRTFGNLIHQKYRKLLEAYRKLRD,ACP
AEMLERVIKNY,ACP
GILSSIKGVAKGVAKNVAAQLLDTLKCKITGC,ACP
RWLPQKNAAQF,ACP
GSPWGLQHHPPRT,ACP
ALRGCWTKSIPPKPCP,ACP
GVVKKVVKKVVKKV,ACP
HPTWPQKSVWHGSDPNGRRLTESY,ACP
KWKKFLKIGIGKFLHLAKKF,ACP
KWRQLGKKIIKVAK,ACP
RRWRIVVIRVRR,ACP
TPWWRLWTKWHHKRRDLPRKPEGC,ACP
GIRKWFKKAAHVGKEVGKVALNACL,ACP
NVVGRLGKIVKIVK,ACP
GIGKFLHSAKKWGKAFVGQIMNC,ACP
SKWSECSRTCGGGVKFQER,ACP
KWKLFKKIWWPFLRR,ACP
KWNNILGKLGKLAR,ACP
GLLEALAELLEKFHTFPQTAIGVGAP,ACP
AFLYRLTRQIRPWWRWLYKW,ACP
ILKKWWKTSKGLLGGLLGKVTSVIKGLKNI,ACP
FAKKLAKKLKKLAKLALAK,ACP
GKGRWLERIGKAGGIIIGGALDHL,ACP
GIGTKILGGVKTALKGALKELASTYAN,ACP
RWGKWFKKNSHLS,ACP
LPRRNRWSKIWKKVVTVFS,ACP
NWKKILGKICR,ACP
VKAWAKVLKGFGKLLKGFGKL,ACP
LLALTSAVAKKKDKV,ACP
FLWSRILFRLRK,ACP
ILPWKWPWWPWRR,ACP
GLFGRLRDSLRRGGQKILEKVERIGDRIKDIFRG,ACP
GWLIRGAIHAGKAIHGLI,ACP
CLHELLEHLHELLEHCLKKLLKLLKKLLKL,ACP
VWKPPYLPRPRPPRRIYNR,ACP
FLSLIPHAISAVSALAKHL,ACP
DDEQWFYHLFFNV,ACP
WFKRILKYLKKLV,ACP
RRAGRSRGRSRGRPPGRPRLPGLNNPIAGIPGRK,ACP
GLRKRLRKFRNKIKFF,ACP
FLSTIWNGIKSLL,ACP
SPWSPCSTSCGLGVSTR,ACP
VTDGINPLIDRY,ACP
KWWKKAAKAAKKAAKAAKKWA,ACP
MIIYRALISHKK,ACP
KVWKIKKNIRRLLHGIKRGWKG,ACP
KKLFKKILKYLKKL,ACP
KQIKIWFQNKKMKWKK,ACP
GAWRRTVAKVRK,ACP
WKRIVRIIRWIRKYY,ACP
RGPRRQPRRHRRPRR,ACP
GMWSKILKHLIR,ACP
FALAKLAKKAKAKLKKALKAL,ACP
LALALALALALALALAKLAKLAKLAKLAKLAKKIK,ACP
VNADIKATTVFGGKYVSLTTP,ACP
FLPLILRKRVTAL,ACP
GIMSALMKKLAAHIAK,ACP
RRLWKKTWKRLW,ACP
TSPLNIHNGQKL,ACP
PIRLSKEKINDLLQRSQGDLTSSQHEIVH,ACP
GTKVRQGTLKKARYN,ACP
IDTYSRKDDLDKKLLEVAKIIGRRLEKRHEYLAMK,ACP
RSKKWRKIEKRVKKIFEKTKEALPVIQGVATIVGAVGR,ACP
RWKIFKKVVKKG,ACP
RQIRIWFQNRRMRWRR,ACP
KYLNFAKWLKGANLAKYANA,ACP
RWFRIQLQIRRWRNRR,ACP
KWKLFKKIPLAKKF,ACP
VRRFPWAWPFLRR,ACP
RFKRWWKRMLKK,ACP
ILKKWWKTSKGLLGGLLGGVTSVIKKLKKI,ACP
FAFGKGIGKIGKKGL,ACP
GWKKWLRKGAKHLGQAAIKGLAS,ACP
GSVIKCGESCLLGKCYTPGCTCSRPICKKD,ACP
GWWRRTVAAVRK,ACP
VWLSALKFIGKHLAKHQLSKL,ACP
LTVSPWYGCGKLAKLAKKLAKLAK,ACP
GLPTCGETCFKGKCYTPGCSCSYPICKKD,ACP
DFKLFAVYIKYR,ACP
CTVALPGGYVRVC,ACP
GWWRRTVKKVRNAVRKV,ACP
ALALALALALALALALKIKKIKKIKKIKKLAKLAKKIK,ACP
NHQQQNPHQPPMLLIILRRRIRKQAHAHSK,ACP
NFAEIFAAVNKLIKQGVVKG,ACP
GLFDVIKKVASVIKKL,ACP
RLRLRLRLRLRLRLRLKLLKLLKLLKLLKKKKKKKGYK,ACP
FLSLIPHIVSGVAALANHL,ACP
PFWRIRIRRPFWRIRIRR,ACP
RLLRWWWRLLR,ACP
NYPQRPCRGDKGPDC,ACP
VDKPPYLPRWRPPRRIYNR,ACP
GGGGRGYEYNKQCLIFC,ACP
PKKKRKVRRRRRRRPQMQQNVFQYPGAGMVPQGEANF,ACP
LRQAPGQNGTSFHGCIRNLYINSE,ACP
IFKAIWSGIKSLF,ACP
GIIKKIIIKKIIIKKIIIKKI,ACP
VRRSKRGIKVPSFVKKVLKDVVSESIS,ACP
CTKSIPPICYWKV,ACP
MLNYLYDRDINRYRAIIKALGLRK,ACP
KCGHKHQCAVHN,ACP
KKKVVVVVKKK,ACP
YYSKSVGFMQW,ACP
LRPEIRIARELRRIGDEFNE,ACP
EKKYFAATQFEPLAARL,ACP
KKFFSKSMKSFFFFKK,ACP
MIIYRIAASHKK,ACP
GWTLNSAGYLLKINLKALAALAKKIL,ACP
GLLALLGELAEHLGSKI,ACP
GLWSKIKEVGKEAAKAAAKAAGKAALGAVSEAV,ACP
FLGALWHALSKLL,ACP
NKGLAKLLKIGLKALESVIQ,ACP
APPGFTATFPIS,ACP
NLRTYKKRYMFY,ACP
VHLPPPVHLPPPVHLPPP,ACP
GLWDSIKNFGKTIALNVMDKIKCKIGGGCPP,ACP
GKWSKILGKLIR,ACP
KIFKKFKDFLKKIFQYLGKV,ACP
KLPKIWWIKVPK,ACP
GYNYAKKLANLAKKFANALW,ACP
LALALALALALALALAKKLKKLKKLKKLKKLKKLKYAK,ACP
IIICRKPIICRKPIICRKPIICRKPIICRKPIII,ACP
KLLKKVVKLFKKLLK,ACP
LVPLPKIKNSTFT,ACP
GRLKRLRKKLKKLLKKLS,ACP
LGQSAASAHHAYIVLAIENSFMTASKKK,ACP
TSAHPEDSSFY,ACP
MPRRRRSSSRPVRRRRRPRVSRRRRRRGGRRR,ACP
VKKLVKKLVKKLVKKL,ACP
FLKAIKKFGKEFKKIGAKLK,ACP
FLGGLIKIVPAMICAVTKKC,ACP
FLPIIVFQFLGKIIHHVGNFVHGFSHVF,ACP
FRVPLRIRPCVVAPRLVMVRHTFGRIARWVAGPLETR,ACP
MWKEFHNVLSSGQLLADKRWARWYNRW,ACP
QLLKKIRTWYRKAWHVYGKV,ACP
RALRKALKAWRKLAKKLQ,ACP
RWIRIPGRWIRI,ACP
NEWKKIKKIIKIVK,ACP
RLIKRLKTFVRKTWKWVGHF,ACP
GFPCGESCVYIPCFTAAIGCSCKSKVCYKN,ACP
FLGAIAQALTSLLGKL,ACP
QYLRRVRTWLRRAWHILGKV,ACP
VKVKVKCTKSGCKVKVKV,ACP
CHHHHHRRRRRRRRRHHHHHC,ACP
HHHHHHTKRRITPKDVIDVRSVTTEINT,ACP
WTRCSSSCGRGVSVRSR,ACP
GIGGKILSGLKTALKGAAKELASTYLH,ACP
RRRRRRRRKRRNDLRSRFLALRDQ,ACP
KNAWKHSSCHHRHQI,ACP
GGGGRRRRRRRRRLLLL,ACP
GGGARKKAAKAARKKAAKAARKKAAKAARKKAAKA,ACP
MVTVLFRRLRIRRACGPPRVRV,ACP
KQLIRFLKRLDRNGGGKLLLKLLKKLLKLLKKK,ACP
LKLKLKLTGKLKLKL,ACP
GLFDIAKKVIGVIGSL,ACP
GVFDTVKKIGKAVGKFALGVAKNYLNS,ACP
CRRLRHLRHHYRRRWHRFRC,ACP
CVKVRVKVGSGVKVRVKVC,ACP
GIFKDTLKKVVAAVLTTVADNIHPK,ACP
LVRRFRRFFRRLRRSVLL,ACP
WRTWRTWRTWRTWRTWRT,ACP
LIKKALAALAKLNI,ACP
GIMSSLAKKLAAHIAK,ACP
CRQIKIWFQNRRMKWKKKLAKLAKKLAKLAK,ACP
RFCVYAYVRVRGVLVRYRRCF,ACP
IWLTALKFLGKNLGKHLAKQQLSKL,ACP
GPWERCTAQCGGGIQARRR,ACP
FKRIVQKIKDFLR,ACP
AIPCGESCVWIPCISTVIGCSCSNKVCYR,ACP
FKKLKKLFSKLWNWKRGD,ACP
LPKWKVFKKIEKVGRNIRNGIVKAGPAIAVLGEAKALG,ACP
FIGAIARLLSKIF,ACP
RFRRPIRRPPIRPPWYP,ACP
PRFWEYWLALME,ACP
KLLPSVVGLFKKKKQ,ACP
AGDLLAIETDKATI,ACP
KLILKRKRKRILIK,ACP
GLLDTLKGAAKNVVGSLASKVMEKL,ACP
AILTTLANWARKFL,ACP
ADDRNPLEEFRENNYEEFL,ACP
VDKPPYLPRPRPIRRPGGR,ACP
RCPGRTRQIGTIFPGRIKCRSW,ACP
KIGKALGKALKALGKALGKA,ACP
FCNINNVCNFASRNDYSYW,ACP
RQIKWFQNRRMKWKKSKAPKVVILSKALEYLQA,ACP
GKLRLIKKLWVKKWKKKGWKA,ACP
RRRRRRRRGGQGLTIYFYNSNRDFQ,ACP
LTVSPWYGCGQLGKKKHRRRPSKKKRHW,ACP
KFKKFKKFKKFKKFKKFKKFKKFKKFKKFK,ACP
YGRKKRRQRRRREADFFWSLCTADMS,ACP
QLIKKLRTWYRKAWHVLGKL,ACP
GAISAPKLQIND,ACP
GKWSKILGHLIR,ACP
MTKDIVETVGGLVKWILDTVKKFA,ACP
RRRRPWRRRPIRPPFYW,ACP
FKLFKKIPKFLHLAKKF,ACP
FKRIVQLLKKLLR,ACP
GLPVCGETCFGGTCNTPGCSCDPWPMCSRN,ACP
RFFRRFRRFFR,ACP
MIIFKIAASHKK,ACP
RRRLQRPLRRIHRLLRKGFFALIPKIISSPLFK,ACP
RVRILARFLRTRV,ACP
ILGKLLSTAAKLLSNL,ACP
LKLRLKLRLKLR,ACP
RKKRRQRRRHRRKKR,ACP
DKERPICSNTFRGRKC,ACP
AARIILRYRFR,ACP
MLLMLIRKLIL,ACP
LLGAALSALSSVIPSVISWFQK,ACP
DSMGAVKLAKLLIDKMKCEVTKAC,ACP
VNVWKKIGRLVKIVK,ACP
KKPSKKPKPQAMTFPKVTVEYFPASFSTAALTVPED,ACP
CNWKKEFGADCKYKF,ACP
CTKSIPPICYHLNQPF,ACP
GGLRSLGRKILRAWKKYG,ACP
INLEACLKRGRT,ACP
LVIRWVRAGYKLYRAIKKK,ACP
LKLKLKVPPTKLKLKL,ACP
FLSLIPHIASGIASLVKNF,ACP
RRWGWWWGWRR,ACP
AWYRGAAPPKQEFLDIEDP,ACP
GLPQIISKVVKT,ACP
AAKKWAKAKWAKAKKWAKAA,ACP
GAKALTKAATAFTKFYKTIW,ACP
RGDRLDRRDLRLDRRDLRC,ACP
GILGKLWEGFKSIV,ACP
SPWSQCTASCGGGVQTR,ACP
LRRLRRRLRRLRRRWRRRLRRLRRRLRRL,ACP
FAFAKIIAKIAKKII,ACP
KWVRIWIKVLRGLFVWVWFF,ACP
FLPIVGLLKSLLK,ACP
FKRILQRIKDFLR,ACP
IINKDTLKVIPIKAQLDIYQ,ACP
KRLFKKLLKYLRKF,ACP
KRKRKILILIKRK,ACP
ILILILILKRK,ACP
ILRWKWRWWRWRR,ACP
FLGALWNVKKSVF,ACP
FLPIVAKLLSGLLGRKKRRQRRR,ACP
FLGMIPGLIGGLISAFK,ACP
AKSKAKSKAKSKAKSKAKSKAKSK,ACP
FALAKALKKAL,ACP
LKKWWKKVKGLLGGLLGKVKKVIK,ACP
IWKFLIKAATKLLPKLFGGGKKDS,ACP
RRWNWWWNWRR,ACP
KKALLAHALHLLALLALHLAHALKKA,ACP
KLFMALVAFLRFLTIPPTAGILKRWGTI,ACP
ASVVNKLTGGVAGLLK,ACP
KKCKFFCKVKKKIKSIGFQIPIVSIPFK,ACP
SYEKKINRHFKILKKNLKKK,ACP
HEHEHEHEHEHEHEHEEFGGGGGYGRGRGRGRGRGRG,ACP
EQWAREIGAQLRRMADDLNA,ACP
GWRKWIKKATHVGKHIGKAALDAYI,ACP
KVKVKVKVPPTKVKVKVK,ACP
HSDGIFTDSYSRYRKQMAVKKYLAAVLGRRYRQRFRNK,ACP
LESLASSAVRTANKARAKL,ACP
AKKVFKRLLKLFKKIWKW,ACP
WRAWAKIYHGVGKLLKGVGRW,ACP
FLKWLFKWAKK,ACP
FLSLIPSLVGGSISAFK,ACP
KKKKAKKAAKKAFQFANQADNQAQDAKQNK,ACP
FLSMIPHIVSGVAALAKHL,ACP
RFRRFRLPFRRIHPPPFVRIHPPPFYRRFL,ACP
RWFHFNGRWFHF,ACP
KKFKKTAKWLIKSAWLLLKSLALKMK,ACP
MMFSGPQILKL,ACP
RLLRLLRRLLRLLRRLLRC,ACP
GKKKKRKREKL,ACP
RLLRLLRLRRLLRL,ACP
WGRAFSAGVHRLARGGRG,ACP
GRMQEFIKKLKAYLRKMKEKFSQIS,ACP
GICRCICGRGICRCICGR,ACP
YRQSHRRGGRRGSG,ACP
AAVALLPAVLLALLAPQLGKKKHRRRPSKKKRHW,ACP
KLAKLAKKLAKLAKGGRRRRRRR,ACP
IASFLIKAATKLLPSLFGGGKKDS,ACP
QVFKKFRPFYRRPWELFGKL,ACP
FIRRIIGALGRLF,ACP
THRPPMWSPVWPGGGKLLLKLLKKLLKLLKKK,ACP
KIIIKIKKKIKIIIK,ACP
INLEACLGRTLMD,ACP
TIEEQAKTFLDKFNHEAEDLFYQSSLASWN,ACP
ASEITSKGASLY,ACP
GLLGRLAKLLANS,ACP
ADGAPRPGAPLA,ACP
AGAKRYKYLRRLFRFR,ACP
GKPRPYSPRPTSHPRPIRV,ACP
AFGMALKLLKKVL,ACP
KRGFGKKLRKRLKKFRNSIKKRLKNFNVVIPIPLPG,ACP
DGRCLLIIKLAKLAKKLAKLAK,ACP
KNFKKLMKKVASVL,ACP
KCFQWQRNMRKVRGPPVSSIKR,ACP
KLKKIVVIKVKK,ACP
GFGCNGPWDEDDMKCHNHCKSIKGYKGGYCASAGFVCKCY,ACP
LGGIVSAVKKIVDFLG,ACP
MSGRGKGGKTKAKAKSRSSRAGLQFPVGRIHRLLRKGNYA,ACP
FASGIAGMAGKLF,ACP
FLGALFKALSKLL,ACP
FSLNWRPPCLFYGRKKRRQRRR,ACP
QRDMHSHRDFQPVLVALNSPLSGGMRDRG,ACP
GIPCGESCVWIPCISSAIGCSCKSKVCYRN,ACP
GFKDLLKGAAKALKKTVLF,ACP
KVVDNFENILII,ACP
RDVCRNFMRRYQSRVIQGLV,ACP
WVILSKKIKRKKKENSDHQTKFSKKVKTKR,ACP
CIIRRIIRRIIRR,ACP
KLLKKLKKKLKKLLK,ACP
RWKIFKKIEKVGQNIRDGIVKAGPAVAVVGQAATI,ACP
RIIRWWWRIIR,ACP
IKKWFKKIFKRL,ACP
GLPVCGETCFTGSCYTPGCSCNWPVCNRN,ACP
FAKKLAKLALKLAKL,ACP
SHHRHFRSHQCRR,ACP
RTLVNEYKNTLKFSK,ACP
SFSKWMGKLKNIFKK,ACP
AFRHSVKEELNYIRRRLERFPNRL,ACP
LAAKLTKAATKLTAALTKLAAALT,ACP
LVKRFKKFFRKLKKSVLL,ACP
FFRLLFHGVHHVGKIKPRA,ACP
CWKKKKKKKKKKKKKKKKKK,ACP
LWKAAAKAAAKWL,ACP
WGRAFRRLVRRLARGLRR,ACP
TLYKKFRHFLKKPWHVVGKI,ACP
RRRCRRGVCGLQRPLRRIHRLLRK,ACP
RRIHIHIPGIHIHIRR,ACP
GDGDIMKGIAGH,ACP
TRSRWRRFIRGAGRFARRYGWRIA,ACP
SWLRDIWDWICEVLSDFK,ACP
PRAWEYWLRLME,ACP
NSDEQKITEMVY,ACP
SLTQINTTLLDLTYEMLSLQQVVKALNESYIDLKEL,ACP
YAKLLAKLAKKAL,ACP
VVNNWKKKIIKVIK,ACP
RFRRFRLPFRRPPIRIH,ACP
ILSLRWRWWKWKK,ACP
CREKAKKLFKKILKKL,ACP
RLFRRVKKVAGKIAKRIWK,ACP
GRRKRKWLRRIGKGVKIIGGAALDHL,ACP
SFLTTVKKLVTNLAALAGTVIDTIKCKVTGGCRT,ACP
IKIPSFFRNILKKVGKEAVSLIAGALKQS,ACP
GALKGCWTKSIPPKPCK,ACP
RQIKIWFQNRRMKWKKTYADFIASGRTGRRNAI,ACP
GAISLAPKLQINE,ACP
RRRRRRRRGEDIIRNIARHLAQVGDSMDR,ACP
GLFDKWAWWRWRR,ACP
GPWEDCSVSCGGGEQLRSR,ACP
KALKALKKALKALKDGR,ACP
KWLRRVWRWWR,ACP
QRSVSNAATRVCRTGRSRWRDVCRNFMRR,ACP
FIHHIIGGLFSVGKHIHSLIHGH,ACP
FAARILRAWFRFLRR,ACP
KIIKKIKKKIKKIIK,ACP
GIKIAKKAITIAKKIAKIYW,ACP
ILPWKWRWWKWRR,ACP
SPWTKCSATCGGGHYMRTR,ACP
MWQRPSSWIEGRLLTHTISRIAVSYQTKVNLL,ACP
HYIRHLKTWFHKPFKLIGKV,ACP
LKLKSIVSWAKKVL,ACP
VDKPPYLPRPRWERRIYNR,ACP
FLSLALAALPKFLCLVFKKC,ACP
KKFFKKMKKFVKKFF,ACP
GSIPCGESCVFIPCISALLGCSCSSKVCYKN,ACP
SEGSEPALLHSW,ACP
ILELAGNAARDNKKTRIIPRHLQL,ACP
GLWKKIKNVAKAAGKAAKGAL,ACP
AVLIPFKVKFGKVKFGKVKFRCKAAFC,ACP
FLGALIKGAIHGGRFIHGMIQNHH,ACP
EMTWEEWEKKIEEYTKKIEEILKKSQNQQIDL,ACP
IPLLRKGKKIIWW,ACP
FKRIVQIIKKFLR,ACP
YARAAARQARA,ACP
RFRWPIRRRPIRPPFYR,ACP
QVVKKIRTWYHKAWHVLGKV,ACP
YARKARRAARR,ACP
VLPDIETLIGV,ACP
RPEIWMTQGLRRLGDEINAYYAR,ACP
GVKKKWKKKLGLKLWLKISGVVLG,ACP
KGCALVKVRGLTLKVCK,ACP
RKKRRQRRRGGGKLLKLLLKLLLKLLK,ACP
FWPGLILKGLGAL,ACP
KGRGKARREKQRPSDKPRR,ACP
ALARQPLTGSPPNERAFFCSSLRR,ACP
TLEDIATSHLY,ACP
SRDSRPVQPRVQPPPPPPKQKPSIYDTPIRRPGGRKTMYA,ACP
DSDESYMEKSLY,ACP
GATYAKKIIKTITKIATTAW,ACP
FALLKALLKKAL,ACP
DWHKIGKKVIKVIK,ACP
NWKKILGRLGEKG,ACP
FLPIVGKLLSGLSGLL,ACP
GGGGRGDRGDLPETGGS,ACP
VKRKKKPALWKTLLKKVLKA,ACP
CAKAKAKAGSGAKAKAKAC,ACP
RRIRFRPPYLPRPGRRPRFPPPFPIPRIPRIP,ACP
RCLPAGKTCVRGPMRVPCCGSCSQNKCT,ACP
QGGGGWGQPHGGGWG,ACP
ECRRLCYKQRCVTYCRGR,ACP
QLLLLIRKLIV,ACP
SAVGRHGRRFGLRKHRKH,ACP
KRIVKLILKWLR,ACP
RLLRIVVIRVLR,ACP
GLFAVIKKVAAVIRRL,ACP
GRCTKSIPPICFPD,ACP
GLFAVIHKVASVIGGL,ACP
TQWTSCSKTCNSGTQSRHR,ACP
NLWGGQGLLGV,ACP
AARIILRWFRR,ACP
LLRARWRRRRSRRFR,ACP
KGIRDWLRGFNKLRKWFLRLIKGL,ACP
RRIRFRPPRLPRPRPRPWIPPRFPFPRIPGKR,ACP
TRQARRNRRRRWRERQRGC,ACP
CGAISLAKLQINES,ACP
GFLDVIKHVGKAALSVVSHLINE,ACP
FSGSGSGSGAGYLLGKINLKALAALAKKILGC,ACP
MTLPVDAVISV,ACP
RGDRGDRRDLRLDRGDLRC,ACP
DDEEQFYHLFFFNAV,ACP
FLPIVGRLISGIL,ACP
RLLRLLRLLLLLL,ACP
GRPRESGKKRKRKRLKP,ACP
YTSLIHSLIEESQNQQEKNEQELLELDKWASLWNWF,ACP
MRGENMSEGNRPEGTPHGLRSTPARELPIPAFLEPAR,ACP
HARIKPTFRRLKWKYKGKFW,ACP
AVKKLLRWWSRWWKK,ACP
GLFDIWKKWRWRR,ACP
RRRLQRPLRRIHRLLRKRRFRPKVTITIQGSARF,ACP
GNHDCCMGQLPKCMLGPGQGAATCQGK,ACP
KRIRFFERIRDRLRDLGNRIKNRIRDFFS,ACP
SLFSLIKAGAKFLGKNMLKQGPQYPACKVSKDSENVNWKS,ACP
SLPQNIPPLTQTPVVVPPF,ACP
FPFSLIPHAIGGLISAIK,ACP
RRIRFPFPPFPWQWPPAGFPTFHIPRIPRKQ,ACP
VEAPGPVHVYW,ACP
FRRKAFLHWYTG,ACP
SADDIRGIQSLY,ACP
FLKALWKVAKSVF,ACP
KVVKKVVKVVKKVVK,ACP
VAKKLAKLAKKLAKLALAL,ACP
GCRRLCYRQRCVTYCRGR,ACP
GRLIDKIARKLVKKIQRFARKFF,ACP
HGVSGWGQHGTHG,ACP
YIWARAERVWLWWGKFLSL,ACP
FALGAVTKVLPKLFCLITRKC,ACP
MNPVFPWVAASA,ACP
AKVKDEPQRRSARLSAKPAPPKPEPKPKKAPAKK,ACP
MEPECNLNCTD,ACP
WCRRYRVLVRGVLVRYRRCW,ACP
KCFMWQEMLNKAGVPKLRCARK,ACP
GWWARTVAKVRK,ACP
LILILILILILILILIKRKKRKKRKKRKKRAKRAKHSK,ACP
ILKKWWGTSGGLLGGLLGKVTSVIKGLNNI,ACP
YADAIFTNSYRKVLGQLSARKLLQDIMSR,ACP
RSVTTEINTLFQTLTSIAEKVDP,ACP
PKKKRKVRRRRRRRYSQTSHKLVQLLTTAEQQ,ACP
IRIRIRPIRIRIRP,ACP
GLFDIWKWWRWRR,ACP
GFGMALRLLRRVL,ACP
PQILDQHVRVMK,ACP
LWAAIRIAQELRRIGDEFNE,ACP
VTEESFDSKFY,ACP
LKLKLKPNKLKLKL,ACP
GRCTKSIPPICWPK,ACP
VKRFKFFRLKKLV,ACP
RFGRFLRKIRRFRPKVTITIQGSARFG,ACP
ANWKKWIGKVIKLVK,ACP
GSIPCGESCVFIPCISSVIGCACKSKVCYKN,ACP
AAPFLECQGRQGTCHFFAN,ACP
VQMVITEAQKV,ACP
FLKGIVGKLGKLF,ACP
KLFKKLFKKLFK,ACP
KWKLFKKALKKLKKALKKAL,ACP
KRLFKRLFKYLRRF,ACP
CRRKRRRICFPDGR,ACP
ASSLLLVGWKKWSKKWKHWIPQCKKFGKK,ACP
GLPVCGETCVGGTCNTPGCTCSWWPVCTRN,ACP
KKKKFFMLVKKKKFF,ACP
KDNLKTIIVTAIKNILDKYQ,ACP
RWFKFPGRWFKF,ACP
HLIHRLHTYWHKPWHYLGKL,ACP
ASEQQALHTVQY,ACP
TPRLPSSADVEFCL,ACP
KFAKKFAKKFAKKFAKKFAKKFAKKFAKKFAK,ACP
PAWRHAFHWAWHMLHKAA,ACP
HGFQWPGSWTWENGKWTWKGAYQFLKGGGGSRRRRRRRRR,ACP
GIGGALLSAGKSALKGLAKGLAEHFAN,ACP
KCFRWQRNRRKVRGRPVRCIKR,ACP
GFCWRACVYRNGVRACYRRCN,ACP
RWCFRVCYRGICYRKCRG,ACP
AAVALLPAVLLALLAPQLGRRRHRRRPSRRRRHW,ACP
EEEEEEEEEEKKRLKKIFKKPMVIGVTIPF,ACP
KWKLFKKIPFLHLAKKF,ACP
GKEFKRIVGRIYRLCCR,ACP
HGGGWGQGGGTHS,ACP
RGDRRRRRRRR,ACP
RLLRRLLRRLLRRLLRRLLR,ACP
RPRSALPRLLLP,ACP
VRRFKWWWKFLRR,ACP
IFGAIWKGISSLL,ACP
LLGMIPLAISAISALSKL,ACP
GWFSLVRKVVGGVGSL,ACP
MLLETQDALYV,ACP
KWCFRVCYRGFCYRRCRK,ACP
DWWPLAFEALLR,ACP
FLSLIPKIISAISALINHF,ACP
KVLGRLVKVLGRLV,ACP
GLFDVVKGVLKGAGKNVAGSLLEQLKCKLSGGC,ACP
AGGKRIVQRIKDFLRGAGGKRIVQRIKDFLRG,ACP
KWKLFKKLGAVLKVLC,ACP
KKFFKLVKKKMKKFF,ACP
TEWTACSKSCGMGFSTRV,ACP
